-- Drop and recreate the schema
DROP SCHEMA IF EXISTS `student_management`;
CREATE SCHEMA `student_management`;

-- lưu thông tin khoa
CREATE TABLE student_management.faculty (
    id_faculty VARCHAR(15) NOT NULL PRIMARY KEY, -- mã khoa
    title VARCHAR(100) NOT NULL,-- tên khoa
    number_teacher INT,-- số giảng viên
    number_student INT-- số sinh viên
);

-- lưu thông tin ngành
CREATE TABLE student_management.industry (
    id_industry VARCHAR(15) NOT NULL PRIMARY KEY, -- mã ngành, khoá chính
    id_faculty VARCHAR(15) NOT NULL,-- mã khoa
    year_number DOUBLE NOT NULL,-- số năm đào tạo
    title VARCHAR(50),-- tên ngành
    FOREIGN KEY (id_faculty) REFERENCES student_management.faculty(id_faculty) -- khoá ngoại nối đến faculty thông qua mã khoa (id_faculty)
);

-- Bảng thông tin giảng viên
CREATE TABLE student_management.teacher (
    id INT NOT NULL PRIMARY KEY, -- id giảng viên
    email VARCHAR(50) NOT NULL, -- email
    name VARCHAR(50) NOT NULL,-- name
    birthday DATE,-- ngày sinh
    username VARCHAR(50) NOT NULL, -- tài khoản
    password VARCHAR(50) NOT NULL -- mật khẩu
);

-- Bảng thông tin môn học
-- Bảng thông tin chung về mã học phần, id giảng viên phụ trách, số tín chỉ
CREATE TABLE student_management.courses (
    id_course VARCHAR(15) NOT NULL PRIMARY KEY, -- mã hp
    id_teacher INT NOT NULL, -- id giảng viên dạy
    credits INT NOT NULL, -- tín chỉ
    title VARCHAR(100) NOT NULL, -- tên hp
    FOREIGN KEY (id_teacher) REFERENCES student_management.teacher(id) -- khoá ngoại đến bảng teacher để check id teacher
);

CREATE TABLE student_management.student (
    id INT PRIMARY KEY,
    name VARCHAR(50) NOT NULL,
    birthday DATE NOT NULL,
    username VARCHAR(50) NOT NULL,
    password VARCHAR(50) NOT NULL,
    credits INT NOT NULL DEFAULT 0,
    id_class VARCHAR(50) NOT NULL,
    id_industry VARCHAR(15),
    FOREIGN KEY (id_industry) REFERENCES student_management.industry(id_industry)
);

-- Bảng lưu thời gian và địa điểm cho học phần
CREATE TABLE student_management.time (
    id_course VARCHAR(15) NOT NULL PRIMARY KEY, -- id học phần
    day DATE NOT NULL, -- ngày học
    start_time TIME NOT NULL, -- giờ bắt đầu
    end_time TIME NOT NULL, -- giờ kết thúc
    room_number VARCHAR(50) -- phòng học
);

-- Đánh chỉ mục để nối khoá ngoại 
ALTER TABLE student_management.student
ADD INDEX idx_id_class (id_class);

-- Lưu thông tin chung của sinh viên khi tham gia khoá học
CREATE TABLE student_management.takes (
    id INT NOT NULL, -- id sinh viên
    id_course VARCHAR(15) NOT NULL, -- id khoá học
    status VARCHAR(15), -- trạng thái (học lần đầu, học lại)
    year INT, -- năm học
    grade DOUBLE, -- điểm học phần
    PRIMARY KEY (id, id_course), -- khoá chính kết hợp 2 cột
    FOREIGN KEY (id) REFERENCES student_management.student(id), -- khoá ngoại nối thông tin sinh viên bằng id
    FOREIGN KEY (id_course) REFERENCES student_management.courses(id_course), -- khoá ngoại nối thông tin khoá học
    FOREIGN KEY (id_course) REFERENCES student_management.time(id_course) -- khoá ngoại nối đến thời gian học
);

-- Bảng lưu thông tin cố vấn học tập
CREATE TABLE student_management.instructor (
    id INT NOT NULL PRIMARY KEY,
    id_class VARCHAR(50) NOT NULL,
    name VARCHAR(50),
    email VARCHAR(50) NOT NULL,
    FOREIGN KEY (id_class) REFERENCES student_management.student(id_class)
);

-- phần insert tường minh không comment

INSERT INTO student_management.faculty (id_faculty, title, number_teacher, number_student)
VALUES
('I', 'Công nghệ thông tin', 100, 3000),
('E', 'Điện tử viễn thông', 70, 2000),
('P', 'Vật lý kỹ thuật và Công nghệ Nano', 70, 200),
('M', 'Cơ học kỹ thuật và tự động hoá', 100, 2000),
('G', 'Công nghệ nông nghiệp', 100, 1500),
('C', 'Công nghệ xây dựng- giao thông', 150, 4000),
('S', 'Viện công nghệ hàng không vũ trụ', 100, 1200),
('A', 'Viện trí tuệ nhân tạo', 50, 100);

insert into student_management.industry (id_industry, id_faculty, year_number, title) 
values
('I-IT', 'I', 4, 'Công nghệ thông tin'),
('I-CS', 'I',4 , 'Khoa học máy tính'),
('I-IS', 'I', 4, 'Hệ thống thông tin'),
('I-CN', 'I', 4, 'Mạng máy tính và truyền thông dữ liệu'),
('E-EC', 'E', 4, 'Công nghệ kỹ thuật điện tử - viễn thông'),
('E-CE', 'E', 4, 'Kỹ thuật máy tinh'),
('E-RE', 'E', 4,'Kỹ thuật robot'),
('M-MT', 'M', 4, 'Công nghệ kỹ thuật cơ điện tử'),
('M-EM', 'M', 4, 'Cơ kỹ thuật'),
('M-AT', 'M', 4, 'Kỹ thuật điều khiển và tự động hoá'),
('P-EP', 'P', 4, 'Vật lý kỹ thuật'),
('P-EE', 'P', 4, ' Kỹ thuật năng lượng'),
('C-CE', 'C', 4, 'Công nghệ kỹ thuật xây dựng'),
('C-ID', 'C', 4, 'Thiết kế công nghiệp đồ hoạ'),
('S-AE', 'S', 4, 'Công nghệ hàng không vũ trụ'),
('G-AI', 'G', 4, 'Trí tuệ nhân tạo');


INSERT INTO student_management.teacher (id, email, name, birthday, username, password) VALUES
(10000, 'vietanh@vnu.edu.vn', 'PGS.TS. Nguyễn Việt Anh', NULL, 10000, 'giangvien10000'),
(10001, 'anhvm@vnu.edu.vn', 'ThS. Vũ Minh Anh', NULL, 10001, 'giangvien10001'),
(10002, 'anhvutt@vnu.edu.vn', 'TS. Vũ Thị Thùy Anh', NULL, 10002, 'giangvien10002'),
(10003, 'anhnguyenngoc@vnu.edu.vn', 'TS. Nguyễn Thị Ngọc Ánh', NULL, 10003, 'giangvien10003'),
(10004, 'ducbang@mail.ru', 'TS. Nguyễn Đức Bằng', NULL, 10004, 'giangvien10004'),
(10005, 'binhdt@vnu.edu.vn', 'TS. Đặng Trần Bình', NULL, 10005, 'giangvien10005'),
(10006, 'chaumt@vnu.edu.vn', 'TS. Ma Thị Châu', NULL, 10006, 'giangvien10006'),
(10007, 'ThS. Nguyễn Đăng Cơ', 'cond@vnu.edu.vn', NULL, 10007, 'giangvien10007'),
(10008, 'TS. Lâm Sinh Công', 'congls@vnu.edu.vn', NULL, 10008, 'giangvien10008'),
(10009, 'TS. Nguyễn Đức Cường', 'cuongnd@vnu.edu.vn', NULL, 10009, 'giangvien10009'),
(10010, 'PGS.TS. Nguyễn Kiên Cường', 'cuongnk@vnu.edu.vn', NULL, 10010, 'giangvien10010'),
(10011, 'ThS. Nguyễn Như Cường', 'cuongnn241@vnu.edu.vn', NULL, 10011, 'giangvien10011'),
(10012, 'TS. Phan Hải Đăng', 'haidangphan.vn@vnu.edu.vn', NULL, 10012, 'giangvien10012'),
(10013, 'TS. Trần Mậu Danh', 'danhtm@vnu.edu.vn', NULL, 10013, 'giangvien10013'),
(10014, 'ThS. Ngô Đình Đạt', 'dat.ngodinh@vnu.edu.vn', NULL, 10014, 'giangvien10014'),
(10015, 'TS. Lê Phê Đô', 'dolp@vnu.edu.vn', NULL, 10015, 'giangvien10015'),
(10016, 'TS. Ngô Thị Duyên', 'duyennt@vnu.edu.vn', NULL, 10016, 'giangvien10016'),
(10017, 'TS. Chu Đức Hà', 'cd.ha@vnu.edu.vn', NULL, 10017, 'giangvien10017'),
(10018, 'ThS. Đỗ Thị Thu Hà', 'dothithuha247@vnu.edu.vn', NULL, 10018, 'giangvien10018'),
(10019, 'PGS.TS. Trần Thu Hà', 'ttha@imech.vast.vn', NULL, 10019, 'giangvien10019'),
(10020, 'TS. Trần Thanh Hải', 'tthai@imech.vast.vn', NULL, 10020, 'giangvien10020'),
(10021, 'GS.TS. Lê Huy Hàm', 'lhham@agi.ac.vn', NULL, 10021, 'giangvien10021'),
(10022, 'ThS. Trần Thanh Hằng', 'hangtt.uet@vnu.edu.vn', NULL, 10022, 'giangvien10022');

insert into student_management.student(id, name, birthday, username, password, credits, id_class, id_industry)
values
(23020000,'Nguyen Van 0','2005-01-01','23020000','23020000', 0, 'QH2023-I/CQ-I/CS4' ,'I-CS'),
(23020001,'Nguyen Van 1','2005-01-01','23020001','23020001', 0, 'QH2023-I/CQ-I/CS4' ,'I-CS'),
(23020002,'Nguyen Van 2','2005-01-01','23020002','23020002', 0, 'QH2023-I/CQ-I/CS4' ,'I-CS'),
(23020003,'Nguyen Van 3','2005-01-01','23020003','23020003', 0, 'QH2023-I/CQ-I/CS4' ,'I-CS'),
(23020004,'Nguyen Van 4','2005-01-01','23020004','23020004', 0, 'QH2023-I/CQ-I/CS4' ,'I-CS'),
(23020005,'Nguyen Van 5','2005-01-01','23020005','23020005', 0, 'QH2023-I/CQ-I/CS4' ,'I-CS'),
(23020006,'Nguyen Van 6','2005-01-01','23020006','23020006', 0, 'QH2023-I/CQ-I/CS4' ,'I-CS'),
(23020007,'Nguyen Van 7','2005-01-01','23020007','23020007', 0, 'QH2023-I/CQ-I/CS4' ,'I-CS'),
(23020008,'Nguyen Van 8','2005-01-01','23020008','23020008', 0, 'QH2023-I/CQ-I/CS4' ,'I-CS'),
(23020009,'Nguyen Van 9','2005-01-01','23020009','23020009', 0, 'QH2023-I/CQ-I/CS4' ,'I-CS'),
(23020010,'Nguyen Van 10','2005-01-01','23020010','23020010', 0, 'QH2023-I/CQ-I/CS4' ,'I-CS'),
(23020011,'Nguyen Van 11','2005-01-01','23020011','23020011', 0, 'QH2023-I/CQ-I/CS4' ,'I-CS'),
(23020012,'Nguyen Van 12','2005-01-01','23020012','23020012', 0, 'QH2023-I/CQ-I/CS4' ,'I-CS'),
(23020013,'Nguyen Van 13','2005-01-01','23020013','23020013', 0, 'QH2023-I/CQ-I/CS4' ,'I-CS'),
(23020014,'Nguyen Van 14','2005-01-01','23020014','23020014', 0, 'QH2023-I/CQ-I/CS4' ,'I-CS'),
(23020015,'Nguyen Van 15','2005-01-01','23020015','23020015', 0, 'QH2023-I/CQ-I/CS4' ,'I-CS'),
(23020016,'Nguyen Van 16','2005-01-01','23020016','23020016', 0, 'QH2023-I/CQ-I/CS4' ,'I-CS'),
(23020017,'Nguyen Van 17','2005-01-01','23020017','23020017', 0, 'QH2023-I/CQ-I/CS4' ,'I-CS'),
(23020018,'Nguyen Van 18','2005-01-01','23020018','23020018', 0, 'QH2023-I/CQ-I/CS4' ,'I-CS'),
(23020019,'Nguyen Van 19','2005-01-01','23020019','23020019', 0, 'QH2023-I/CQ-I/CS4' ,'I-CS'),
(23020020,'Nguyen Van 20','2005-01-01','23020020','23020020', 0, 'QH2023-I/CQ-I/CS4' ,'I-CS'),
(23020021,'Nguyen Van 21','2005-01-01','23020021','23020021', 0, 'QH2023-I/CQ-I/CS4' ,'I-CS'),
(23020022,'Nguyen Van 22','2005-01-01','23020022','23020022', 0, 'QH2023-I/CQ-I/CS4' ,'I-CS'),
(23020023,'Nguyen Van 23','2005-01-01','23020023','23020023', 0, 'QH2023-I/CQ-I/CS4' ,'I-CS'),
(23020024,'Nguyen Van 24','2005-01-01','23020024','23020024', 0, 'QH2023-I/CQ-I/CS4' ,'I-CS'),
(23020025,'Nguyen Van 25','2005-01-01','23020025','23020025', 0, 'QH2023-I/CQ-I/CS4' ,'I-CS'),
(23020026,'Nguyen Van 26','2005-01-01','23020026','23020026', 0, 'QH2023-I/CQ-I/CS4' ,'I-CS'),
(23020027,'Nguyen Van 27','2005-01-01','23020027','23020027', 0, 'QH2023-I/CQ-I/CS4' ,'I-CS'),
(23020028,'Nguyen Van 28','2005-01-01','23020028','23020028', 0, 'QH2023-I/CQ-I/CS4' ,'I-CS'),
(23020029,'Nguyen Van 29','2005-01-01','23020029','23020029', 0, 'QH2023-I/CQ-I/CS4' ,'I-CS'),
(23020030,'Nguyen Van 30','2005-01-01','23020030','23020030', 0, 'QH2023-I/CQ-I/CS4' ,'I-CS'),
(23020031,'Nguyen Van 31','2005-01-01','23020031','23020031', 0, 'QH2023-I/CQ-I/CS4' ,'I-CS'),
(23020032,'Nguyen Van 32','2005-01-01','23020032','23020032', 0, 'QH2023-I/CQ-I/CS4' ,'I-CS'),
(23020033,'Nguyen Van 33','2005-01-01','23020033','23020033', 0, 'QH2023-I/CQ-I/CS4' ,'I-CS'),
(23020034,'Nguyen Van 34','2005-01-01','23020034','23020034', 0, 'QH2023-I/CQ-I/CS4' ,'I-CS'),
(23020035,'Nguyen Van 35','2005-01-01','23020035','23020035', 0, 'QH2023-I/CQ-I/CS4' ,'I-CS'),
(23020036,'Nguyen Van 36','2005-01-01','23020036','23020036', 0, 'QH2023-I/CQ-I/CS4' ,'I-CS'),
(23020037,'Nguyen Van 37','2005-01-01','23020037','23020037', 0, 'QH2023-I/CQ-I/CS4' ,'I-CS'),
(23020038,'Nguyen Van 38','2005-01-01','23020038','23020038', 0, 'QH2023-I/CQ-I/CS4' ,'I-CS'),
(23020039,'Nguyen Van 39','2005-01-01','23020039','23020039', 0, 'QH2023-I/CQ-I/CS4' ,'I-CS'),
(23020040,'Nguyen Van 40','2005-01-01','23020040','23020040', 0, 'QH2023-I/CQ-I/CS4' ,'I-CS'),
(23020041,'Nguyen Van 41','2005-01-01','23020041','23020041', 0, 'QH2023-I/CQ-I/CS4' ,'I-CS'),
(23020042,'Nguyen Van 42','2005-01-01','23020042','23020042', 0, 'QH2023-I/CQ-I/CS4' ,'I-CS'),
(23020043,'Nguyen Van 43','2005-01-01','23020043','23020043', 0, 'QH2023-I/CQ-I/CS4' ,'I-CS'),
(23020044,'Nguyen Van 44','2005-01-01','23020044','23020044', 0, 'QH2023-I/CQ-I/CS4' ,'I-CS'),
(23020045,'Nguyen Van 45','2005-01-01','23020045','23020045', 0, 'QH2023-I/CQ-I/CS4' ,'I-CS'),
(23020046,'Nguyen Van 46','2005-01-01','23020046','23020046', 0, 'QH2023-I/CQ-I/CS4' ,'I-CS'),
(23020047,'Nguyen Van 47','2005-01-01','23020047','23020047', 0, 'QH2023-I/CQ-I/CS4' ,'I-CS'),
(23020048,'Nguyen Van 48','2005-01-01','23020048','23020048', 0, 'QH2023-I/CQ-I/CS4' ,'I-CS'),
(23020049,'Nguyen Van 49','2005-01-01','23020049','23020049', 0, 'QH2023-I/CQ-I/CS4' ,'I-CS'),
(23020050,'Nguyen Van 50','2005-01-01','23020050','23020050', 0, 'QH2023-I/CQ-I/CS4' ,'I-CS'),
(23020051,'Nguyen Van 51','2005-01-01','23020051','23020051', 0, 'QH2023-I/CQ-I/CS4' ,'I-CS'),
(23020052,'Nguyen Van 52','2005-01-01','23020052','23020052', 0, 'QH2023-I/CQ-I/CS4' ,'I-CS'),
(23020053,'Nguyen Van 53','2005-01-01','23020053','23020053', 0, 'QH2023-I/CQ-I/CS4' ,'I-CS'),
(23020054,'Nguyen Van 54','2005-01-01','23020054','23020054', 0, 'QH2023-I/CQ-I/CS4' ,'I-CS'),
(23020055,'Nguyen Van 55','2005-01-01','23020055','23020055', 0, 'QH2023-I/CQ-I/CS4' ,'I-CS'),
(23020056,'Nguyen Van 56','2005-01-01','23020056','23020056', 0, 'QH2023-I/CQ-I/CS4' ,'I-CS'),
(23020057,'Nguyen Van 57','2005-01-01','23020057','23020057', 0, 'QH2023-I/CQ-I/CS4' ,'I-CS'),
(23020058,'Nguyen Van 58','2005-01-01','23020058','23020058', 0, 'QH2023-I/CQ-I/CS4' ,'I-CS'),
(23020059,'Nguyen Van 59','2005-01-01','23020059','23020059', 0, 'QH2023-I/CQ-I/CS4' ,'I-CS'),
(23020060,'Nguyen Van 60','2005-01-01','23020060','23020060', 0, 'QH2023-I/CQ-I/CS4' ,'I-CS'),
(23020061,'Nguyen Van 61','2005-01-01','23020061','23020061', 0, 'QH2023-I/CQ-I/CS4' ,'I-CS'),
(23020062,'Nguyen Van 62','2005-01-01','23020062','23020062', 0, 'QH2023-I/CQ-I/CS4' ,'I-CS'),
(23020063,'Nguyen Van 63','2005-01-01','23020063','23020063', 0, 'QH2023-I/CQ-I/CS4' ,'I-CS'),
(23020064,'Nguyen Van 64','2005-01-01','23020064','23020064', 0, 'QH2023-I/CQ-I/CS4' ,'I-CS'),
(23020065,'Nguyen Van 65','2005-01-01','23020065','23020065', 0, 'QH2023-I/CQ-I/CS4' ,'I-CS'),
(23020066,'Nguyen Van 66','2005-01-01','23020066','23020066', 0, 'QH2023-I/CQ-I/CS4' ,'I-CS'),
(23020067,'Nguyen Van 67','2005-01-01','23020067','23020067', 0, 'QH2023-I/CQ-I/CS4' ,'I-CS'),
(23020068,'Nguyen Van 68','2005-01-01','23020068','23020068', 0, 'QH2023-I/CQ-I/CS4' ,'I-CS'),
(23020069,'Nguyen Van 69','2005-01-01','23020069','23020069', 0, 'QH2023-I/CQ-I/CS4' ,'I-CS'),
(23020070,'Nguyen Van 70','2005-01-01','23020070','23020070', 0, 'QH2023-I/CQ-I/CS4' ,'I-CS'),
(23020071,'Nguyen Van 71','2005-01-01','23020071','23020071', 0, 'QH2023-I/CQ-I/CS4' ,'I-CS'),
(23020072,'Nguyen Van 72','2005-01-01','23020072','23020072', 0, 'QH2023-I/CQ-I/CS4' ,'I-CS'),
(23020073,'Nguyen Van 73','2005-01-01','23020073','23020073', 0, 'QH2023-I/CQ-I/CS4' ,'I-CS'),
(23020074,'Nguyen Van 74','2005-01-01','23020074','23020074', 0, 'QH2023-I/CQ-I/CS4' ,'I-CS'),
(23020075,'Nguyen Van 75','2005-01-01','23020075','23020075', 0, 'QH2023-I/CQ-I/CS4' ,'I-CS'),
(23020076,'Nguyen Van 76','2005-01-01','23020076','23020076', 0, 'QH2023-I/CQ-I/CS4' ,'I-CS'),
(23020077,'Nguyen Van 77','2005-01-01','23020077','23020077', 0, 'QH2023-I/CQ-I/CS4' ,'I-CS'),
(23020078,'Nguyen Van 78','2005-01-01','23020078','23020078', 0, 'QH2023-I/CQ-I/CS4' ,'I-CS'),
(23020079,'Nguyen Van 79','2005-01-01','23020079','23020079', 0, 'QH2023-I/CQ-I/CS4' ,'I-CS'),
(23020080,'Nguyen Van 80','2005-01-01','23020080','23020080', 0, 'QH2023-I/CQ-I/CS4' ,'I-CS'),
(23020081,'Nguyen Van 81','2005-01-01','23020081','23020081', 0, 'QH2023-I/CQ-I/CS4' ,'I-CS'),
(23020082,'Nguyen Van 82','2005-01-01','23020082','23020082', 0, 'QH2023-I/CQ-I/CS4' ,'I-CS'),
(23020083,'Nguyen Van 83','2005-01-01','23020083','23020083', 0, 'QH2023-I/CQ-I/CS4' ,'I-CS'),
(23020084,'Nguyen Van 84','2005-01-01','23020084','23020084', 0, 'QH2023-I/CQ-I/CS4' ,'I-CS'),
(23020085,'Nguyen Van 85','2005-01-01','23020085','23020085', 0, 'QH2023-I/CQ-I/CS4' ,'I-CS'),
(23020086,'Nguyen Van 86','2005-01-01','23020086','23020086', 0, 'QH2023-I/CQ-I/CS4' ,'I-CS'),
(23020087,'Nguyen Van 87','2005-01-01','23020087','23020087', 0, 'QH2023-I/CQ-I/CS4' ,'I-CS'),
(23020088,'Nguyen Van 88','2005-01-01','23020088','23020088', 0, 'QH2023-I/CQ-I/CS4' ,'I-CS'),
(23020089,'Nguyen Van 89','2005-01-01','23020089','23020089', 0, 'QH2023-I/CQ-I/CS4' ,'I-CS'),
(23020090,'Nguyen Van 90','2005-01-01','23020090','23020090', 0, 'QH2023-I/CQ-I/CS4' ,'I-CS'),
(23020091,'Nguyen Van 91','2005-01-01','23020091','23020091', 0, 'QH2023-I/CQ-I/CS4' ,'I-CS'),
(23020092,'Nguyen Van 92','2005-01-01','23020092','23020092', 0, 'QH2023-I/CQ-I/CS4' ,'I-CS'),
(23020093,'Nguyen Van 93','2005-01-01','23020093','23020093', 0, 'QH2023-I/CQ-I/CS4' ,'I-CS'),
(23020094,'Nguyen Van 94','2005-01-01','23020094','23020094', 0, 'QH2023-I/CQ-I/CS4' ,'I-CS'),
(23020095,'Nguyen Van 95','2005-01-01','23020095','23020095', 0, 'QH2023-I/CQ-I/CS4' ,'I-CS'),
(23020096,'Nguyen Van 96','2005-01-01','23020096','23020096', 0, 'QH2023-I/CQ-I/CS4' ,'I-CS'),
(23020097,'Nguyen Van 97','2005-01-01','23020097','23020097', 0, 'QH2023-I/CQ-I/CS4' ,'I-CS'),
(23020098,'Nguyen Van 98','2005-01-01','23020098','23020098', 0, 'QH2023-I/CQ-I/CS4' ,'I-CS'),
(23020099,'Nguyen Van 99','2005-01-01','23020099','23020099', 0, 'QH2023-I/CQ-I/CS4' ,'I-CS'),
(23020100,'Nguyen Van 100','2005-01-01','23020100','23020100', 0, 'QH2023-I/CQ-I/CS4' ,'I-CS'),
(23020101,'Nguyen Van 101','2005-01-01','23020101','23020101', 0, 'QH2023-I/CQ-I/CS4' ,'I-CS'),
(23020102,'Nguyen Van 102','2005-01-01','23020102','23020102', 0, 'QH2023-I/CQ-I/CS4' ,'I-CS'),
(23020103,'Nguyen Van 103','2005-01-01','23020103','23020103', 0, 'QH2023-I/CQ-I/CS4' ,'I-CS'),
(23020104,'Nguyen Van 104','2005-01-01','23020104','23020104', 0, 'QH2023-I/CQ-I/CS4' ,'I-CS'),
(23020105,'Nguyen Van 105','2005-01-01','23020105','23020105', 0, 'QH2023-I/CQ-I/CS4' ,'I-CS'),
(23020106,'Nguyen Van 106','2005-01-01','23020106','23020106', 0, 'QH2023-I/CQ-I/CS4' ,'I-CS'),
(23020107,'Nguyen Van 107','2005-01-01','23020107','23020107', 0, 'QH2023-I/CQ-I/CS4' ,'I-CS'),
(23020108,'Nguyen Van 108','2005-01-01','23020108','23020108', 0, 'QH2023-I/CQ-I/CS4' ,'I-CS'),
(23020109,'Nguyen Van 109','2005-01-01','23020109','23020109', 0, 'QH2023-I/CQ-I/CS4' ,'I-CS'),
(23020110,'Nguyen Van 110','2005-01-01','23020110','23020110', 0, 'QH2023-I/CQ-I/CS4' ,'I-CS'),
(23020111,'Nguyen Van 111','2005-01-01','23020111','23020111', 0, 'QH2023-I/CQ-I/CS4' ,'I-CS'),
(23020112,'Nguyen Van 112','2005-01-01','23020112','23020112', 0, 'QH2023-I/CQ-I/CS4' ,'I-CS'),
(23020113,'Nguyen Van 113','2005-01-01','23020113','23020113', 0, 'QH2023-I/CQ-I/CS4' ,'I-CS'),
(23020114,'Nguyen Van 114','2005-01-01','23020114','23020114', 0, 'QH2023-I/CQ-I/CS4' ,'I-CS'),
(23020115,'Nguyen Van 115','2005-01-01','23020115','23020115', 0, 'QH2023-I/CQ-I/CS4' ,'I-CS'),
(23020116,'Nguyen Van 116','2005-01-01','23020116','23020116', 0, 'QH2023-I/CQ-I/CS4' ,'I-CS'),
(23020117,'Nguyen Van 117','2005-01-01','23020117','23020117', 0, 'QH2023-I/CQ-I/CS4' ,'I-CS'),
(23020118,'Nguyen Van 118','2005-01-01','23020118','23020118', 0, 'QH2023-I/CQ-I/CS4' ,'I-CS'),
(23020119,'Nguyen Van 119','2005-01-01','23020119','23020119', 0, 'QH2023-I/CQ-I/CS4' ,'I-CS'),
(23020120,'Nguyen Van 120','2005-01-01','23020120','23020120', 0, 'QH2023-I/CQ-I/CS4' ,'I-CS'),
(23020121,'Nguyen Van 121','2005-01-01','23020121','23020121', 0, 'QH2023-I/CQ-I/CS4' ,'I-CS'),
(23020122,'Nguyen Van 122','2005-01-01','23020122','23020122', 0, 'QH2023-I/CQ-I/CS4' ,'I-CS'),
(23020123,'Nguyen Van 123','2005-01-01','23020123','23020123', 0, 'QH2023-I/CQ-I/CS4' ,'I-CS'),
(23020124,'Nguyen Van 124','2005-01-01','23020124','23020124', 0, 'QH2023-I/CQ-I/CS4' ,'I-CS'),
(23020125,'Nguyen Van 125','2005-01-01','23020125','23020125', 0, 'QH2023-I/CQ-I/CS4' ,'I-CS'),
(23020126,'Nguyen Van 126','2005-01-01','23020126','23020126', 0, 'QH2023-I/CQ-I/CS4' ,'I-CS'),
(23020127,'Nguyen Van 127','2005-01-01','23020127','23020127', 0, 'QH2023-I/CQ-I/CS4' ,'I-CS'),
(23020128,'Nguyen Van 128','2005-01-01','23020128','23020128', 0, 'QH2023-I/CQ-I/CS4' ,'I-CS'),
(23020129,'Nguyen Van 129','2005-01-01','23020129','23020129', 0, 'QH2023-I/CQ-I/CS4' ,'I-CS'),
(23020130,'Nguyen Van 130','2005-01-01','23020130','23020130', 0, 'QH2023-I/CQ-I/CS4' ,'I-CS'),
(23020131,'Nguyen Van 131','2005-01-01','23020131','23020131', 0, 'QH2023-I/CQ-I/CS4' ,'I-CS'),
(23020132,'Nguyen Van 132','2005-01-01','23020132','23020132', 0, 'QH2023-I/CQ-I/CS4' ,'I-CS'),
(23020133,'Nguyen Van 133','2005-01-01','23020133','23020133', 0, 'QH2023-I/CQ-I/CS4' ,'I-CS'),
(23020134,'Nguyen Van 134','2005-01-01','23020134','23020134', 0, 'QH2023-I/CQ-I/CS4' ,'I-CS'),
(23020135,'Nguyen Van 135','2005-01-01','23020135','23020135', 0, 'QH2023-I/CQ-I/CS4' ,'I-CS'),
(23020136,'Nguyen Van 136','2005-01-01','23020136','23020136', 0, 'QH2023-I/CQ-I/CS4' ,'I-CS'),
(23020137,'Nguyen Van 137','2005-01-01','23020137','23020137', 0, 'QH2023-I/CQ-I/CS4' ,'I-CS'),
(23020138,'Nguyen Van 138','2005-01-01','23020138','23020138', 0, 'QH2023-I/CQ-I/CS4' ,'I-CS'),
(23020139,'Nguyen Van 139','2005-01-01','23020139','23020139', 0, 'QH2023-I/CQ-I/CS4' ,'I-CS'),
(23020140,'Nguyen Van 140','2005-01-01','23020140','23020140', 0, 'QH2023-I/CQ-I/CS4' ,'I-CS'),
(23020141,'Nguyen Van 141','2005-01-01','23020141','23020141', 0, 'QH2023-I/CQ-I/CS4' ,'I-CS'),
(23020142,'Nguyen Van 142','2005-01-01','23020142','23020142', 0, 'QH2023-I/CQ-I/CS4' ,'I-CS'),
(23020143,'Nguyen Van 143','2005-01-01','23020143','23020143', 0, 'QH2023-I/CQ-I/CS4' ,'I-CS'),
(23020144,'Nguyen Van 144','2005-01-01','23020144','23020144', 0, 'QH2023-I/CQ-I/CS4' ,'I-CS'),
(23020145,'Nguyen Van 145','2005-01-01','23020145','23020145', 0, 'QH2023-I/CQ-I/CS4' ,'I-CS'),
(23020146,'Nguyen Van 146','2005-01-01','23020146','23020146', 0, 'QH2023-I/CQ-I/CS4' ,'I-CS'),
(23020147,'Nguyen Van 147','2005-01-01','23020147','23020147', 0, 'QH2023-I/CQ-I/CS4' ,'I-CS'),
(23020148,'Nguyen Van 148','2005-01-01','23020148','23020148', 0, 'QH2023-I/CQ-I/CS4' ,'I-CS'),
(23020149,'Nguyen Van 149','2005-01-01','23020149','23020149', 0, 'QH2023-I/CQ-I/CS4' ,'I-CS'),
(23020150,'Nguyen Van 150','2005-01-01','23020150','23020150', 0, 'QH2023-I/CQ-I/CS4' ,'I-CS'),
(23020151,'Nguyen Van 151','2005-01-01','23020151','23020151', 0, 'QH2023-I/CQ-I/CS4' ,'I-CS'),
(23020152,'Nguyen Van 152','2005-01-01','23020152','23020152', 0, 'QH2023-I/CQ-I/CS4' ,'I-CS'),
(23020153,'Nguyen Van 153','2005-01-01','23020153','23020153', 0, 'QH2023-I/CQ-I/CS4' ,'I-CS'),
(23020154,'Nguyen Van 154','2005-01-01','23020154','23020154', 0, 'QH2023-I/CQ-I/CS4' ,'I-CS'),
(23020155,'Nguyen Van 155','2005-01-01','23020155','23020155', 0, 'QH2023-I/CQ-I/CS4' ,'I-CS'),
(23020156,'Nguyen Van 156','2005-01-01','23020156','23020156', 0, 'QH2023-I/CQ-I/CS4' ,'I-CS'),
(23020157,'Nguyen Van 157','2005-01-01','23020157','23020157', 0, 'QH2023-I/CQ-I/CS4' ,'I-CS'),
(23020158,'Nguyen Van 158','2005-01-01','23020158','23020158', 0, 'QH2023-I/CQ-I/CS4' ,'I-CS'),
(23020159,'Nguyen Van 159','2005-01-01','23020159','23020159', 0, 'QH2023-I/CQ-I/CS4' ,'I-CS'),
(23020160,'Nguyen Van 160','2005-01-01','23020160','23020160', 0, 'QH2023-I/CQ-I/CS4' ,'I-CS'),
(23020161,'Nguyen Van 161','2005-01-01','23020161','23020161', 0, 'QH2023-I/CQ-I/CS4' ,'I-CS'),
(23020162,'Nguyen Van 162','2005-01-01','23020162','23020162', 0, 'QH2023-I/CQ-I/CS4' ,'I-CS'),
(23020163,'Nguyen Van 163','2005-01-01','23020163','23020163', 0, 'QH2023-I/CQ-I/CS4' ,'I-CS'),
(23020164,'Nguyen Van 164','2005-01-01','23020164','23020164', 0, 'QH2023-I/CQ-I/CS4' ,'I-CS'),
(23020165,'Nguyen Van 165','2005-01-01','23020165','23020165', 0, 'QH2023-I/CQ-I/CS4' ,'I-CS'),
(23020166,'Nguyen Van 166','2005-01-01','23020166','23020166', 0, 'QH2023-I/CQ-I/CS4' ,'I-CS'),
(23020167,'Nguyen Van 167','2005-01-01','23020167','23020167', 0, 'QH2023-I/CQ-I/CS4' ,'I-CS'),
(23020168,'Nguyen Van 168','2005-01-01','23020168','23020168', 0, 'QH2023-I/CQ-I/CS4' ,'I-CS'),
(23020169,'Nguyen Van 169','2005-01-01','23020169','23020169', 0, 'QH2023-I/CQ-I/CS4' ,'I-CS'),
(23020170,'Nguyen Van 170','2005-01-01','23020170','23020170', 0, 'QH2023-I/CQ-I/CS4' ,'I-CS'),
(23020171,'Nguyen Van 171','2005-01-01','23020171','23020171', 0, 'QH2023-I/CQ-I/CS4' ,'I-CS'),
(23020172,'Nguyen Van 172','2005-01-01','23020172','23020172', 0, 'QH2023-I/CQ-I/CS4' ,'I-CS'),
(23020173,'Nguyen Van 173','2005-01-01','23020173','23020173', 0, 'QH2023-I/CQ-I/CS4' ,'I-CS'),
(23020174,'Nguyen Van 174','2005-01-01','23020174','23020174', 0, 'QH2023-I/CQ-I/CS4' ,'I-CS'),
(23020175,'Nguyen Van 175','2005-01-01','23020175','23020175', 0, 'QH2023-I/CQ-I/CS4' ,'I-CS'),
(23020176,'Nguyen Van 176','2005-01-01','23020176','23020176', 0, 'QH2023-I/CQ-I/CS4' ,'I-CS'),
(23020177,'Nguyen Van 177','2005-01-01','23020177','23020177', 0, 'QH2023-I/CQ-I/CS4' ,'I-CS'),
(23020178,'Nguyen Van 178','2005-01-01','23020178','23020178', 0, 'QH2023-I/CQ-I/CS4' ,'I-CS'),
(23020179,'Nguyen Van 179','2005-01-01','23020179','23020179', 0, 'QH2023-I/CQ-I/CS4' ,'I-CS'),
(23020180,'Nguyen Van 180','2005-01-01','23020180','23020180', 0, 'QH2023-I/CQ-I/CS4' ,'I-CS'),
(23020181,'Nguyen Van 181','2005-01-01','23020181','23020181', 0, 'QH2023-I/CQ-I/CS4' ,'I-CS'),
(23020182,'Nguyen Van 182','2005-01-01','23020182','23020182', 0, 'QH2023-I/CQ-I/CS4' ,'I-CS'),
(23020183,'Nguyen Van 183','2005-01-01','23020183','23020183', 0, 'QH2023-I/CQ-I/CS4' ,'I-CS'),
(23020184,'Nguyen Van 184','2005-01-01','23020184','23020184', 0, 'QH2023-I/CQ-I/CS4' ,'I-CS'),
(23020185,'Nguyen Van 185','2005-01-01','23020185','23020185', 0, 'QH2023-I/CQ-I/CS4' ,'I-CS'),
(23020186,'Nguyen Van 186','2005-01-01','23020186','23020186', 0, 'QH2023-I/CQ-I/CS4' ,'I-CS'),
(23020187,'Nguyen Van 187','2005-01-01','23020187','23020187', 0, 'QH2023-I/CQ-I/CS4' ,'I-CS'),
(23020188,'Nguyen Van 188','2005-01-01','23020188','23020188', 0, 'QH2023-I/CQ-I/CS4' ,'I-CS'),
(23020189,'Nguyen Van 189','2005-01-01','23020189','23020189', 0, 'QH2023-I/CQ-I/CS4' ,'I-CS'),
(23020190,'Nguyen Van 190','2005-01-01','23020190','23020190', 0, 'QH2023-I/CQ-I/CS4' ,'I-CS'),
(23020191,'Nguyen Van 191','2005-01-01','23020191','23020191', 0, 'QH2023-I/CQ-I/CS4' ,'I-CS'),
(23020192,'Nguyen Van 192','2005-01-01','23020192','23020192', 0, 'QH2023-I/CQ-I/CS4' ,'I-CS'),
(23020193,'Nguyen Van 193','2005-01-01','23020193','23020193', 0, 'QH2023-I/CQ-I/CS4' ,'I-CS'),
(23020194,'Nguyen Van 194','2005-01-01','23020194','23020194', 0, 'QH2023-I/CQ-I/CS4' ,'I-CS'),
(23020195,'Nguyen Van 195','2005-01-01','23020195','23020195', 0, 'QH2023-I/CQ-I/CS4' ,'I-CS'),
(23020196,'Nguyen Van 196','2005-01-01','23020196','23020196', 0, 'QH2023-I/CQ-I/CS4' ,'I-CS'),
(23020197,'Nguyen Van 197','2005-01-01','23020197','23020197', 0, 'QH2023-I/CQ-I/CS4' ,'I-CS'),
(23020198,'Nguyen Van 198','2005-01-01','23020198','23020198', 0, 'QH2023-I/CQ-I/CS4' ,'I-CS'),
(23020199,'Nguyen Van 199','2005-01-01','23020199','23020199', 0, 'QH2023-I/CQ-I/CS4' ,'I-CS'),
(23020200,'Nguyen Van 200','2005-01-01','23020200','23020200', 0, 'QH2023-I/CQ-I/CS4' ,'I-CS'),
(23020201,'Nguyen Van 201','2005-01-01','23020201','23020201', 0, 'QH2023-I/CQ-I/CS3' ,'I-CS'),
(23020202,'Nguyen Van 202','2005-01-01','23020202','23020202', 0, 'QH2023-I/CQ-I/CS3' ,'I-CS'),
(23020203,'Nguyen Van 203','2005-01-01','23020203','23020203', 0, 'QH2023-I/CQ-I/CS3' ,'I-CS'),
(23020204,'Nguyen Van 204','2005-01-01','23020204','23020204', 0, 'QH2023-I/CQ-I/CS3' ,'I-CS'),
(23020205,'Nguyen Van 205','2005-01-01','23020205','23020205', 0, 'QH2023-I/CQ-I/CS3' ,'I-CS'),
(23020206,'Nguyen Van 206','2005-01-01','23020206','23020206', 0, 'QH2023-I/CQ-I/CS3' ,'I-CS'),
(23020207,'Nguyen Van 207','2005-01-01','23020207','23020207', 0, 'QH2023-I/CQ-I/CS3' ,'I-CS'),
(23020208,'Nguyen Van 208','2005-01-01','23020208','23020208', 0, 'QH2023-I/CQ-I/CS3' ,'I-CS'),
(23020209,'Nguyen Van 209','2005-01-01','23020209','23020209', 0, 'QH2023-I/CQ-I/CS3' ,'I-CS'),
(23020210,'Nguyen Van 210','2005-01-01','23020210','23020210', 0, 'QH2023-I/CQ-I/CS3' ,'I-CS'),
(23020211,'Nguyen Van 211','2005-01-01','23020211','23020211', 0, 'QH2023-I/CQ-I/CS3' ,'I-CS'),
(23020212,'Nguyen Van 212','2005-01-01','23020212','23020212', 0, 'QH2023-I/CQ-I/CS3' ,'I-CS'),
(23020213,'Nguyen Van 213','2005-01-01','23020213','23020213', 0, 'QH2023-I/CQ-I/CS3' ,'I-CS'),
(23020214,'Nguyen Van 214','2005-01-01','23020214','23020214', 0, 'QH2023-I/CQ-I/CS3' ,'I-CS'),
(23020215,'Nguyen Van 215','2005-01-01','23020215','23020215', 0, 'QH2023-I/CQ-I/CS3' ,'I-CS'),
(23020216,'Nguyen Van 216','2005-01-01','23020216','23020216', 0, 'QH2023-I/CQ-I/CS3' ,'I-CS'),
(23020217,'Nguyen Van 217','2005-01-01','23020217','23020217', 0, 'QH2023-I/CQ-I/CS3' ,'I-CS'),
(23020218,'Nguyen Van 218','2005-01-01','23020218','23020218', 0, 'QH2023-I/CQ-I/CS3' ,'I-CS'),
(23020219,'Nguyen Van 219','2005-01-01','23020219','23020219', 0, 'QH2023-I/CQ-I/CS3' ,'I-CS'),
(23020220,'Nguyen Van 220','2005-01-01','23020220','23020220', 0, 'QH2023-I/CQ-I/CS3' ,'I-CS'),
(23020221,'Nguyen Van 221','2005-01-01','23020221','23020221', 0, 'QH2023-I/CQ-I/CS3' ,'I-CS'),
(23020222,'Nguyen Van 222','2005-01-01','23020222','23020222', 0, 'QH2023-I/CQ-I/CS3' ,'I-CS'),
(23020223,'Nguyen Van 223','2005-01-01','23020223','23020223', 0, 'QH2023-I/CQ-I/CS3' ,'I-CS'),
(23020224,'Nguyen Van 224','2005-01-01','23020224','23020224', 0, 'QH2023-I/CQ-I/CS3' ,'I-CS'),
(23020225,'Nguyen Van 225','2005-01-01','23020225','23020225', 0, 'QH2023-I/CQ-I/CS3' ,'I-CS'),
(23020226,'Nguyen Van 226','2005-01-01','23020226','23020226', 0, 'QH2023-I/CQ-I/CS3' ,'I-CS'),
(23020227,'Nguyen Van 227','2005-01-01','23020227','23020227', 0, 'QH2023-I/CQ-I/CS3' ,'I-CS'),
(23020228,'Nguyen Van 228','2005-01-01','23020228','23020228', 0, 'QH2023-I/CQ-I/CS3' ,'I-CS'),
(23020229,'Nguyen Van 229','2005-01-01','23020229','23020229', 0, 'QH2023-I/CQ-I/CS3' ,'I-CS'),
(23020230,'Nguyen Van 230','2005-01-01','23020230','23020230', 0, 'QH2023-I/CQ-I/CS3' ,'I-CS'),
(23020231,'Nguyen Van 231','2005-01-01','23020231','23020231', 0, 'QH2023-I/CQ-I/CS3' ,'I-CS'),
(23020232,'Nguyen Van 232','2005-01-01','23020232','23020232', 0, 'QH2023-I/CQ-I/CS3' ,'I-CS'),
(23020233,'Nguyen Van 233','2005-01-01','23020233','23020233', 0, 'QH2023-I/CQ-I/CS3' ,'I-CS'),
(23020234,'Nguyen Van 234','2005-01-01','23020234','23020234', 0, 'QH2023-I/CQ-I/CS3' ,'I-CS'),
(23020235,'Nguyen Van 235','2005-01-01','23020235','23020235', 0, 'QH2023-I/CQ-I/CS3' ,'I-CS'),
(23020236,'Nguyen Van 236','2005-01-01','23020236','23020236', 0, 'QH2023-I/CQ-I/CS3' ,'I-CS'),
(23020237,'Nguyen Van 237','2005-01-01','23020237','23020237', 0, 'QH2023-I/CQ-I/CS3' ,'I-CS'),
(23020238,'Nguyen Van 238','2005-01-01','23020238','23020238', 0, 'QH2023-I/CQ-I/CS3' ,'I-CS'),
(23020239,'Nguyen Van 239','2005-01-01','23020239','23020239', 0, 'QH2023-I/CQ-I/CS3' ,'I-CS'),
(23020240,'Nguyen Van 240','2005-01-01','23020240','23020240', 0, 'QH2023-I/CQ-I/CS3' ,'I-CS'),
(23020241,'Nguyen Van 241','2005-01-01','23020241','23020241', 0, 'QH2023-I/CQ-I/CS3' ,'I-CS'),
(23020242,'Nguyen Van 242','2005-01-01','23020242','23020242', 0, 'QH2023-I/CQ-I/CS3' ,'I-CS'),
(23020243,'Nguyen Van 243','2005-01-01','23020243','23020243', 0, 'QH2023-I/CQ-I/CS3' ,'I-CS'),
(23020244,'Nguyen Van 244','2005-01-01','23020244','23020244', 0, 'QH2023-I/CQ-I/CS3' ,'I-CS'),
(23020245,'Nguyen Van 245','2005-01-01','23020245','23020245', 0, 'QH2023-I/CQ-I/CS3' ,'I-CS'),
(23020246,'Nguyen Van 246','2005-01-01','23020246','23020246', 0, 'QH2023-I/CQ-I/CS3' ,'I-CS'),
(23020247,'Nguyen Van 247','2005-01-01','23020247','23020247', 0, 'QH2023-I/CQ-I/CS3' ,'I-CS'),
(23020248,'Nguyen Van 248','2005-01-01','23020248','23020248', 0, 'QH2023-I/CQ-I/CS3' ,'I-CS'),
(23020249,'Nguyen Van 249','2005-01-01','23020249','23020249', 0, 'QH2023-I/CQ-I/CS3' ,'I-CS'),
(23020250,'Nguyen Van 250','2005-01-01','23020250','23020250', 0, 'QH2023-I/CQ-I/CS3' ,'I-CS'),
(23020251,'Nguyen Van 251','2005-01-01','23020251','23020251', 0, 'QH2023-I/CQ-I/CS3' ,'I-CS'),
(23020252,'Nguyen Van 252','2005-01-01','23020252','23020252', 0, 'QH2023-I/CQ-I/CS3' ,'I-CS'),
(23020253,'Nguyen Van 253','2005-01-01','23020253','23020253', 0, 'QH2023-I/CQ-I/CS3' ,'I-CS'),
(23020254,'Nguyen Van 254','2005-01-01','23020254','23020254', 0, 'QH2023-I/CQ-I/CS3' ,'I-CS'),
(23020255,'Nguyen Van 255','2005-01-01','23020255','23020255', 0, 'QH2023-I/CQ-I/CS3' ,'I-CS'),
(23020256,'Nguyen Van 256','2005-01-01','23020256','23020256', 0, 'QH2023-I/CQ-I/CS3' ,'I-CS'),
(23020257,'Nguyen Van 257','2005-01-01','23020257','23020257', 0, 'QH2023-I/CQ-I/CS3' ,'I-CS'),
(23020258,'Nguyen Van 258','2005-01-01','23020258','23020258', 0, 'QH2023-I/CQ-I/CS3' ,'I-CS'),
(23020259,'Nguyen Van 259','2005-01-01','23020259','23020259', 0, 'QH2023-I/CQ-I/CS3' ,'I-CS'),
(23020260,'Nguyen Van 260','2005-01-01','23020260','23020260', 0, 'QH2023-I/CQ-I/CS3' ,'I-CS'),
(23020261,'Nguyen Van 261','2005-01-01','23020261','23020261', 0, 'QH2023-I/CQ-I/CS3' ,'I-CS'),
(23020262,'Nguyen Van 262','2005-01-01','23020262','23020262', 0, 'QH2023-I/CQ-I/CS3' ,'I-CS'),
(23020263,'Nguyen Van 263','2005-01-01','23020263','23020263', 0, 'QH2023-I/CQ-I/CS3' ,'I-CS'),
(23020264,'Nguyen Van 264','2005-01-01','23020264','23020264', 0, 'QH2023-I/CQ-I/CS3' ,'I-CS'),
(23020265,'Nguyen Van 265','2005-01-01','23020265','23020265', 0, 'QH2023-I/CQ-I/CS3' ,'I-CS'),
(23020266,'Nguyen Van 266','2005-01-01','23020266','23020266', 0, 'QH2023-I/CQ-I/CS3' ,'I-CS'),
(23020267,'Nguyen Van 267','2005-01-01','23020267','23020267', 0, 'QH2023-I/CQ-I/CS3' ,'I-CS'),
(23020268,'Nguyen Van 268','2005-01-01','23020268','23020268', 0, 'QH2023-I/CQ-I/CS3' ,'I-CS'),
(23020269,'Nguyen Van 269','2005-01-01','23020269','23020269', 0, 'QH2023-I/CQ-I/CS3' ,'I-CS'),
(23020270,'Nguyen Van 270','2005-01-01','23020270','23020270', 0, 'QH2023-I/CQ-I/CS3' ,'I-CS'),
(23020271,'Nguyen Van 271','2005-01-01','23020271','23020271', 0, 'QH2023-I/CQ-I/CS3' ,'I-CS'),
(23020272,'Nguyen Van 272','2005-01-01','23020272','23020272', 0, 'QH2023-I/CQ-I/CS3' ,'I-CS'),
(23020273,'Nguyen Van 273','2005-01-01','23020273','23020273', 0, 'QH2023-I/CQ-I/CS3' ,'I-CS'),
(23020274,'Nguyen Van 274','2005-01-01','23020274','23020274', 0, 'QH2023-I/CQ-I/CS3' ,'I-CS'),
(23020275,'Nguyen Van 275','2005-01-01','23020275','23020275', 0, 'QH2023-I/CQ-I/CS3' ,'I-CS'),
(23020276,'Nguyen Van 276','2005-01-01','23020276','23020276', 0, 'QH2023-I/CQ-I/CS3' ,'I-CS'),
(23020277,'Nguyen Van 277','2005-01-01','23020277','23020277', 0, 'QH2023-I/CQ-I/CS3' ,'I-CS'),
(23020278,'Nguyen Van 278','2005-01-01','23020278','23020278', 0, 'QH2023-I/CQ-I/CS3' ,'I-CS'),
(23020279,'Nguyen Van 279','2005-01-01','23020279','23020279', 0, 'QH2023-I/CQ-I/CS3' ,'I-CS'),
(23020280,'Nguyen Van 280','2005-01-01','23020280','23020280', 0, 'QH2023-I/CQ-I/CS3' ,'I-CS'),
(23020281,'Nguyen Van 281','2005-01-01','23020281','23020281', 0, 'QH2023-I/CQ-I/CS3' ,'I-CS'),
(23020282,'Nguyen Van 282','2005-01-01','23020282','23020282', 0, 'QH2023-I/CQ-I/CS3' ,'I-CS'),
(23020283,'Nguyen Van 283','2005-01-01','23020283','23020283', 0, 'QH2023-I/CQ-I/CS3' ,'I-CS'),
(23020284,'Nguyen Van 284','2005-01-01','23020284','23020284', 0, 'QH2023-I/CQ-I/CS3' ,'I-CS'),
(23020285,'Nguyen Van 285','2005-01-01','23020285','23020285', 0, 'QH2023-I/CQ-I/CS3' ,'I-CS'),
(23020286,'Nguyen Van 286','2005-01-01','23020286','23020286', 0, 'QH2023-I/CQ-I/CS3' ,'I-CS'),
(23020287,'Nguyen Van 287','2005-01-01','23020287','23020287', 0, 'QH2023-I/CQ-I/CS3' ,'I-CS'),
(23020288,'Nguyen Van 288','2005-01-01','23020288','23020288', 0, 'QH2023-I/CQ-I/CS3' ,'I-CS'),
(23020289,'Nguyen Van 289','2005-01-01','23020289','23020289', 0, 'QH2023-I/CQ-I/CS3' ,'I-CS'),
(23020290,'Nguyen Van 290','2005-01-01','23020290','23020290', 0, 'QH2023-I/CQ-I/CS3' ,'I-CS'),
(23020291,'Nguyen Van 291','2005-01-01','23020291','23020291', 0, 'QH2023-I/CQ-I/CS3' ,'I-CS'),
(23020292,'Nguyen Van 292','2005-01-01','23020292','23020292', 0, 'QH2023-I/CQ-I/CS3' ,'I-CS'),
(23020293,'Nguyen Van 293','2005-01-01','23020293','23020293', 0, 'QH2023-I/CQ-I/CS3' ,'I-CS'),
(23020294,'Nguyen Van 294','2005-01-01','23020294','23020294', 0, 'QH2023-I/CQ-I/CS3' ,'I-CS'),
(23020295,'Nguyen Van 295','2005-01-01','23020295','23020295', 0, 'QH2023-I/CQ-I/CS3' ,'I-CS'),
(23020296,'Nguyen Van 296','2005-01-01','23020296','23020296', 0, 'QH2023-I/CQ-I/CS3' ,'I-CS'),
(23020297,'Nguyen Van 297','2005-01-01','23020297','23020297', 0, 'QH2023-I/CQ-I/CS3' ,'I-CS'),
(23020298,'Nguyen Van 298','2005-01-01','23020298','23020298', 0, 'QH2023-I/CQ-I/CS3' ,'I-CS'),
(23020299,'Nguyen Van 299','2005-01-01','23020299','23020299', 0, 'QH2023-I/CQ-I/CS3' ,'I-CS'),
(23020300,'Nguyen Van 300','2005-01-01','23020300','23020300', 0, 'QH2023-I/CQ-I/CS3' ,'I-CS'),
(23020301,'Nguyen Van 301','2005-01-01','23020301','23020301', 0, 'QH2023-I/CQ-I/CS3' ,'I-CS'),
(23020302,'Nguyen Van 302','2005-01-01','23020302','23020302', 0, 'QH2023-I/CQ-I/CS3' ,'I-CS'),
(23020303,'Nguyen Van 303','2005-01-01','23020303','23020303', 0, 'QH2023-I/CQ-I/CS3' ,'I-CS'),
(23020304,'Nguyen Van 304','2005-01-01','23020304','23020304', 0, 'QH2023-I/CQ-I/CS3' ,'I-CS'),
(23020305,'Nguyen Van 305','2005-01-01','23020305','23020305', 0, 'QH2023-I/CQ-I/CS3' ,'I-CS'),
(23020306,'Nguyen Van 306','2005-01-01','23020306','23020306', 0, 'QH2023-I/CQ-I/CS3' ,'I-CS'),
(23020307,'Nguyen Van 307','2005-01-01','23020307','23020307', 0, 'QH2023-I/CQ-I/CS3' ,'I-CS'),
(23020308,'Nguyen Van 308','2005-01-01','23020308','23020308', 0, 'QH2023-I/CQ-I/CS3' ,'I-CS'),
(23020309,'Nguyen Van 309','2005-01-01','23020309','23020309', 0, 'QH2023-I/CQ-I/CS3' ,'I-CS'),
(23020310,'Nguyen Van 310','2005-01-01','23020310','23020310', 0, 'QH2023-I/CQ-I/CS3' ,'I-CS'),
(23020311,'Nguyen Van 311','2005-01-01','23020311','23020311', 0, 'QH2023-I/CQ-I/CS3' ,'I-CS'),
(23020312,'Nguyen Van 312','2005-01-01','23020312','23020312', 0, 'QH2023-I/CQ-I/CS3' ,'I-CS'),
(23020313,'Nguyen Van 313','2005-01-01','23020313','23020313', 0, 'QH2023-I/CQ-I/CS3' ,'I-CS'),
(23020314,'Nguyen Van 314','2005-01-01','23020314','23020314', 0, 'QH2023-I/CQ-I/CS3' ,'I-CS'),
(23020315,'Nguyen Van 315','2005-01-01','23020315','23020315', 0, 'QH2023-I/CQ-I/CS3' ,'I-CS'),
(23020316,'Nguyen Van 316','2005-01-01','23020316','23020316', 0, 'QH2023-I/CQ-I/CS3' ,'I-CS'),
(23020317,'Nguyen Van 317','2005-01-01','23020317','23020317', 0, 'QH2023-I/CQ-I/CS3' ,'I-CS'),
(23020318,'Nguyen Van 318','2005-01-01','23020318','23020318', 0, 'QH2023-I/CQ-I/CS3' ,'I-CS'),
(23020319,'Nguyen Van 319','2005-01-01','23020319','23020319', 0, 'QH2023-I/CQ-I/CS3' ,'I-CS'),
(23020320,'Nguyen Van 320','2005-01-01','23020320','23020320', 0, 'QH2023-I/CQ-I/CS3' ,'I-CS'),
(23020321,'Nguyen Van 321','2005-01-01','23020321','23020321', 0, 'QH2023-I/CQ-I/CS3' ,'I-CS'),
(23020322,'Nguyen Van 322','2005-01-01','23020322','23020322', 0, 'QH2023-I/CQ-I/CS3' ,'I-CS'),
(23020323,'Nguyen Van 323','2005-01-01','23020323','23020323', 0, 'QH2023-I/CQ-I/CS3' ,'I-CS'),
(23020324,'Nguyen Van 324','2005-01-01','23020324','23020324', 0, 'QH2023-I/CQ-I/CS3' ,'I-CS'),
(23020325,'Nguyen Van 325','2005-01-01','23020325','23020325', 0, 'QH2023-I/CQ-I/CS3' ,'I-CS'),
(23020326,'Nguyen Van 326','2005-01-01','23020326','23020326', 0, 'QH2023-I/CQ-I/CS3' ,'I-CS'),
(23020327,'Nguyen Van 327','2005-01-01','23020327','23020327', 0, 'QH2023-I/CQ-I/CS3' ,'I-CS'),
(23020328,'Nguyen Van 328','2005-01-01','23020328','23020328', 0, 'QH2023-I/CQ-I/CS3' ,'I-CS'),
(23020329,'Nguyen Van 329','2005-01-01','23020329','23020329', 0, 'QH2023-I/CQ-I/CS3' ,'I-CS'),
(23020330,'Nguyen Van 330','2005-01-01','23020330','23020330', 0, 'QH2023-I/CQ-I/CS3' ,'I-CS'),
(23020331,'Nguyen Van 331','2005-01-01','23020331','23020331', 0, 'QH2023-I/CQ-I/CS3' ,'I-CS'),
(23020332,'Nguyen Van 332','2005-01-01','23020332','23020332', 0, 'QH2023-I/CQ-I/CS3' ,'I-CS'),
(23020333,'Nguyen Van 333','2005-01-01','23020333','23020333', 0, 'QH2023-I/CQ-I/CS3' ,'I-CS'),
(23020334,'Nguyen Van 334','2005-01-01','23020334','23020334', 0, 'QH2023-I/CQ-I/CS3' ,'I-CS'),
(23020335,'Nguyen Van 335','2005-01-01','23020335','23020335', 0, 'QH2023-I/CQ-I/CS3' ,'I-CS'),
(23020336,'Nguyen Van 336','2005-01-01','23020336','23020336', 0, 'QH2023-I/CQ-I/CS3' ,'I-CS'),
(23020337,'Nguyen Van 337','2005-01-01','23020337','23020337', 0, 'QH2023-I/CQ-I/CS3' ,'I-CS'),
(23020338,'Nguyen Van 338','2005-01-01','23020338','23020338', 0, 'QH2023-I/CQ-I/CS3' ,'I-CS'),
(23020339,'Nguyen Van 339','2005-01-01','23020339','23020339', 0, 'QH2023-I/CQ-I/CS3' ,'I-CS'),
(23020340,'Nguyen Van 340','2005-01-01','23020340','23020340', 0, 'QH2023-I/CQ-I/CS3' ,'I-CS'),
(23020341,'Nguyen Van 341','2005-01-01','23020341','23020341', 0, 'QH2023-I/CQ-I/CS3' ,'I-CS'),
(23020342,'Nguyen Van 342','2005-01-01','23020342','23020342', 0, 'QH2023-I/CQ-I/CS3' ,'I-CS'),
(23020343,'Nguyen Van 343','2005-01-01','23020343','23020343', 0, 'QH2023-I/CQ-I/CS3' ,'I-CS'),
(23020344,'Nguyen Van 344','2005-01-01','23020344','23020344', 0, 'QH2023-I/CQ-I/CS3' ,'I-CS'),
(23020345,'Nguyen Van 345','2005-01-01','23020345','23020345', 0, 'QH2023-I/CQ-I/CS3' ,'I-CS'),
(23020346,'Nguyen Van 346','2005-01-01','23020346','23020346', 0, 'QH2023-I/CQ-I/CS3' ,'I-CS'),
(23020347,'Nguyen Van 347','2005-01-01','23020347','23020347', 0, 'QH2023-I/CQ-I/CS3' ,'I-CS'),
(23020348,'Nguyen Van 348','2005-01-01','23020348','23020348', 0, 'QH2023-I/CQ-I/CS3' ,'I-CS'),
(23020349,'Nguyen Van 349','2005-01-01','23020349','23020349', 0, 'QH2023-I/CQ-I/CS3' ,'I-CS'),
(23020350,'Nguyen Van 350','2005-01-01','23020350','23020350', 0, 'QH2023-I/CQ-I/CS3' ,'I-CS'),
(23020351,'Nguyen Van 351','2005-01-01','23020351','23020351', 0, 'QH2023-I/CQ-I/CS3' ,'I-CS'),
(23020352,'Nguyen Van 352','2005-01-01','23020352','23020352', 0, 'QH2023-I/CQ-I/CS3' ,'I-CS'),
(23020353,'Nguyen Van 353','2005-01-01','23020353','23020353', 0, 'QH2023-I/CQ-I/CS3' ,'I-CS'),
(23020354,'Nguyen Van 354','2005-01-01','23020354','23020354', 0, 'QH2023-I/CQ-I/CS3' ,'I-CS'),
(23020355,'Nguyen Van 355','2005-01-01','23020355','23020355', 0, 'QH2023-I/CQ-I/CS3' ,'I-CS'),
(23020356,'Nguyen Van 356','2005-01-01','23020356','23020356', 0, 'QH2023-I/CQ-I/CS3' ,'I-CS'),
(23020357,'Nguyen Van 357','2005-01-01','23020357','23020357', 0, 'QH2023-I/CQ-I/CS3' ,'I-CS'),
(23020358,'Nguyen Van 358','2005-01-01','23020358','23020358', 0, 'QH2023-I/CQ-I/CS3' ,'I-CS'),
(23020359,'Nguyen Van 359','2005-01-01','23020359','23020359', 0, 'QH2023-I/CQ-I/CS3' ,'I-CS'),
(23020360,'Nguyen Van 360','2005-01-01','23020360','23020360', 0, 'QH2023-I/CQ-I/CS3' ,'I-CS'),
(23020361,'Nguyen Van 361','2005-01-01','23020361','23020361', 0, 'QH2023-I/CQ-I/CS3' ,'I-CS'),
(23020362,'Nguyen Van 362','2005-01-01','23020362','23020362', 0, 'QH2023-I/CQ-I/CS3' ,'I-CS'),
(23020363,'Nguyen Van 363','2005-01-01','23020363','23020363', 0, 'QH2023-I/CQ-I/CS3' ,'I-CS'),
(23020364,'Nguyen Van 364','2005-01-01','23020364','23020364', 0, 'QH2023-I/CQ-I/CS3' ,'I-CS'),
(23020365,'Nguyen Van 365','2005-01-01','23020365','23020365', 0, 'QH2023-I/CQ-I/CS3' ,'I-CS'),
(23020366,'Nguyen Van 366','2005-01-01','23020366','23020366', 0, 'QH2023-I/CQ-I/CS3' ,'I-CS'),
(23020367,'Nguyen Van 367','2005-01-01','23020367','23020367', 0, 'QH2023-I/CQ-I/CS3' ,'I-CS'),
(23020368,'Nguyen Van 368','2005-01-01','23020368','23020368', 0, 'QH2023-I/CQ-I/CS3' ,'I-CS'),
(23020369,'Nguyen Van 369','2005-01-01','23020369','23020369', 0, 'QH2023-I/CQ-I/CS3' ,'I-CS'),
(23020370,'Nguyen Van 370','2005-01-01','23020370','23020370', 0, 'QH2023-I/CQ-I/CS3' ,'I-CS'),
(23020371,'Nguyen Van 371','2005-01-01','23020371','23020371', 0, 'QH2023-I/CQ-I/CS3' ,'I-CS'),
(23020372,'Nguyen Van 372','2005-01-01','23020372','23020372', 0, 'QH2023-I/CQ-I/CS3' ,'I-CS'),
(23020373,'Nguyen Van 373','2005-01-01','23020373','23020373', 0, 'QH2023-I/CQ-I/CS3' ,'I-CS'),
(23020374,'Nguyen Van 374','2005-01-01','23020374','23020374', 0, 'QH2023-I/CQ-I/CS3' ,'I-CS'),
(23020375,'Nguyen Van 375','2005-01-01','23020375','23020375', 0, 'QH2023-I/CQ-I/CS3' ,'I-CS'),
(23020376,'Nguyen Van 376','2005-01-01','23020376','23020376', 0, 'QH2023-I/CQ-I/CS3' ,'I-CS'),
(23020377,'Nguyen Van 377','2005-01-01','23020377','23020377', 0, 'QH2023-I/CQ-I/CS3' ,'I-CS'),
(23020378,'Nguyen Van 378','2005-01-01','23020378','23020378', 0, 'QH2023-I/CQ-I/CS3' ,'I-CS'),
(23020379,'Nguyen Van 379','2005-01-01','23020379','23020379', 0, 'QH2023-I/CQ-I/CS3' ,'I-CS'),
(23020380,'Nguyen Van 380','2005-01-01','23020380','23020380', 0, 'QH2023-I/CQ-I/CS3' ,'I-CS'),
(23020381,'Nguyen Van 381','2005-01-01','23020381','23020381', 0, 'QH2023-I/CQ-I/CS3' ,'I-CS'),
(23020382,'Nguyen Van 382','2005-01-01','23020382','23020382', 0, 'QH2023-I/CQ-I/CS3' ,'I-CS'),
(23020383,'Nguyen Van 383','2005-01-01','23020383','23020383', 0, 'QH2023-I/CQ-I/CS3' ,'I-CS'),
(23020384,'Nguyen Van 384','2005-01-01','23020384','23020384', 0, 'QH2023-I/CQ-I/CS3' ,'I-CS'),
(23020385,'Nguyen Van 385','2005-01-01','23020385','23020385', 0, 'QH2023-I/CQ-I/CS3' ,'I-CS'),
(23020386,'Nguyen Van 386','2005-01-01','23020386','23020386', 0, 'QH2023-I/CQ-I/CS3' ,'I-CS'),
(23020387,'Nguyen Van 387','2005-01-01','23020387','23020387', 0, 'QH2023-I/CQ-I/CS3' ,'I-CS'),
(23020388,'Nguyen Van 388','2005-01-01','23020388','23020388', 0, 'QH2023-I/CQ-I/CS3' ,'I-CS'),
(23020389,'Nguyen Van 389','2005-01-01','23020389','23020389', 0, 'QH2023-I/CQ-I/CS3' ,'I-CS'),
(23020390,'Nguyen Van 390','2005-01-01','23020390','23020390', 0, 'QH2023-I/CQ-I/CS3' ,'I-CS'),
(23020391,'Nguyen Van 391','2005-01-01','23020391','23020391', 0, 'QH2023-I/CQ-I/CS3' ,'I-CS'),
(23020392,'Nguyen Van 392','2005-01-01','23020392','23020392', 0, 'QH2023-I/CQ-I/CS3' ,'I-CS'),
(23020393,'Nguyen Van 393','2005-01-01','23020393','23020393', 0, 'QH2023-I/CQ-I/CS3' ,'I-CS'),
(23020394,'Nguyen Van 394','2005-01-01','23020394','23020394', 0, 'QH2023-I/CQ-I/CS3' ,'I-CS'),
(23020395,'Nguyen Van 395','2005-01-01','23020395','23020395', 0, 'QH2023-I/CQ-I/CS3' ,'I-CS'),
(23020396,'Nguyen Van 396','2005-01-01','23020396','23020396', 0, 'QH2023-I/CQ-I/CS3' ,'I-CS'),
(23020397,'Nguyen Van 397','2005-01-01','23020397','23020397', 0, 'QH2023-I/CQ-I/CS3' ,'I-CS'),
(23020398,'Nguyen Van 398','2005-01-01','23020398','23020398', 0, 'QH2023-I/CQ-I/CS3' ,'I-CS'),
(23020399,'Nguyen Van 399','2005-01-01','23020399','23020399', 0, 'QH2023-I/CQ-I/CS3' ,'I-CS'),
(23020400,'Nguyen Van 400','2005-01-01','23020400','23020400', 0, 'QH2023-I/CQ-I/CS3' ,'I-CS'),
(23020401,'Nguyen Van 401','2005-01-01','23020401','23020401', 0, 'QH2023-I/CQ-I/CS2' ,'I-CS'),
(23020402,'Nguyen Van 402','2005-01-01','23020402','23020402', 0, 'QH2023-I/CQ-I/CS2' ,'I-CS'),
(23020403,'Nguyen Van 403','2005-01-01','23020403','23020403', 0, 'QH2023-I/CQ-I/CS2' ,'I-CS'),
(23020404,'Nguyen Van 404','2005-01-01','23020404','23020404', 0, 'QH2023-I/CQ-I/CS2' ,'I-CS'),
(23020405,'Nguyen Van 405','2005-01-01','23020405','23020405', 0, 'QH2023-I/CQ-I/CS2' ,'I-CS'),
(23020406,'Nguyen Van 406','2005-01-01','23020406','23020406', 0, 'QH2023-I/CQ-I/CS2' ,'I-CS'),
(23020407,'Nguyen Van 407','2005-01-01','23020407','23020407', 0, 'QH2023-I/CQ-I/CS2' ,'I-CS'),
(23020408,'Nguyen Van 408','2005-01-01','23020408','23020408', 0, 'QH2023-I/CQ-I/CS2' ,'I-CS'),
(23020409,'Nguyen Van 409','2005-01-01','23020409','23020409', 0, 'QH2023-I/CQ-I/CS2' ,'I-CS'),
(23020410,'Nguyen Van 410','2005-01-01','23020410','23020410', 0, 'QH2023-I/CQ-I/CS2' ,'I-CS'),
(23020411,'Nguyen Van 411','2005-01-01','23020411','23020411', 0, 'QH2023-I/CQ-I/CS2' ,'I-CS'),
(23020412,'Nguyen Van 412','2005-01-01','23020412','23020412', 0, 'QH2023-I/CQ-I/CS2' ,'I-CS'),
(23020413,'Nguyen Van 413','2005-01-01','23020413','23020413', 0, 'QH2023-I/CQ-I/CS2' ,'I-CS'),
(23020414,'Nguyen Van 414','2005-01-01','23020414','23020414', 0, 'QH2023-I/CQ-I/CS2' ,'I-CS'),
(23020415,'Nguyen Van 415','2005-01-01','23020415','23020415', 0, 'QH2023-I/CQ-I/CS2' ,'I-CS'),
(23020416,'Nguyen Van 416','2005-01-01','23020416','23020416', 0, 'QH2023-I/CQ-I/CS2' ,'I-CS'),
(23020417,'Nguyen Van 417','2005-01-01','23020417','23020417', 0, 'QH2023-I/CQ-I/CS2' ,'I-CS'),
(23020418,'Nguyen Van 418','2005-01-01','23020418','23020418', 0, 'QH2023-I/CQ-I/CS2' ,'I-CS'),
(23020419,'Nguyen Van 419','2005-01-01','23020419','23020419', 0, 'QH2023-I/CQ-I/CS2' ,'I-CS'),
(23020420,'Nguyen Van 420','2005-01-01','23020420','23020420', 0, 'QH2023-I/CQ-I/CS2' ,'I-CS'),
(23020421,'Nguyen Van 421','2005-01-01','23020421','23020421', 0, 'QH2023-I/CQ-I/CS2' ,'I-CS'),
(23020422,'Nguyen Van 422','2005-01-01','23020422','23020422', 0, 'QH2023-I/CQ-I/CS2' ,'I-CS'),
(23020423,'Nguyen Van 423','2005-01-01','23020423','23020423', 0, 'QH2023-I/CQ-I/CS2' ,'I-CS'),
(23020424,'Nguyen Van 424','2005-01-01','23020424','23020424', 0, 'QH2023-I/CQ-I/CS2' ,'I-CS'),
(23020425,'Nguyen Van 425','2005-01-01','23020425','23020425', 0, 'QH2023-I/CQ-I/CS2' ,'I-CS'),
(23020426,'Nguyen Van 426','2005-01-01','23020426','23020426', 0, 'QH2023-I/CQ-I/CS2' ,'I-CS'),
(23020427,'Nguyen Van 427','2005-01-01','23020427','23020427', 0, 'QH2023-I/CQ-I/CS2' ,'I-CS'),
(23020428,'Nguyen Van 428','2005-01-01','23020428','23020428', 0, 'QH2023-I/CQ-I/CS2' ,'I-CS'),
(23020429,'Nguyen Van 429','2005-01-01','23020429','23020429', 0, 'QH2023-I/CQ-I/CS2' ,'I-CS'),
(23020430,'Nguyen Van 430','2005-01-01','23020430','23020430', 0, 'QH2023-I/CQ-I/CS2' ,'I-CS'),
(23020431,'Nguyen Van 431','2005-01-01','23020431','23020431', 0, 'QH2023-I/CQ-I/CS2' ,'I-CS'),
(23020432,'Nguyen Van 432','2005-01-01','23020432','23020432', 0, 'QH2023-I/CQ-I/CS2' ,'I-CS'),
(23020433,'Nguyen Van 433','2005-01-01','23020433','23020433', 0, 'QH2023-I/CQ-I/CS2' ,'I-CS'),
(23020434,'Nguyen Van 434','2005-01-01','23020434','23020434', 0, 'QH2023-I/CQ-I/CS2' ,'I-CS'),
(23020435,'Nguyen Van 435','2005-01-01','23020435','23020435', 0, 'QH2023-I/CQ-I/CS2' ,'I-CS'),
(23020436,'Nguyen Van 436','2005-01-01','23020436','23020436', 0, 'QH2023-I/CQ-I/CS2' ,'I-CS'),
(23020437,'Nguyen Van 437','2005-01-01','23020437','23020437', 0, 'QH2023-I/CQ-I/CS2' ,'I-CS'),
(23020438,'Nguyen Van 438','2005-01-01','23020438','23020438', 0, 'QH2023-I/CQ-I/CS2' ,'I-CS'),
(23020439,'Nguyen Van 439','2005-01-01','23020439','23020439', 0, 'QH2023-I/CQ-I/CS2' ,'I-CS'),
(23020440,'Nguyen Van 440','2005-01-01','23020440','23020440', 0, 'QH2023-I/CQ-I/CS2' ,'I-CS'),
(23020441,'Nguyen Van 441','2005-01-01','23020441','23020441', 0, 'QH2023-I/CQ-I/CS2' ,'I-CS'),
(23020442,'Nguyen Van 442','2005-01-01','23020442','23020442', 0, 'QH2023-I/CQ-I/CS2' ,'I-CS'),
(23020443,'Nguyen Van 443','2005-01-01','23020443','23020443', 0, 'QH2023-I/CQ-I/CS2' ,'I-CS'),
(23020444,'Nguyen Van 444','2005-01-01','23020444','23020444', 0, 'QH2023-I/CQ-I/CS2' ,'I-CS'),
(23020445,'Nguyen Van 445','2005-01-01','23020445','23020445', 0, 'QH2023-I/CQ-I/CS2' ,'I-CS'),
(23020446,'Nguyen Van 446','2005-01-01','23020446','23020446', 0, 'QH2023-I/CQ-I/CS2' ,'I-CS'),
(23020447,'Nguyen Van 447','2005-01-01','23020447','23020447', 0, 'QH2023-I/CQ-I/CS2' ,'I-CS'),
(23020448,'Nguyen Van 448','2005-01-01','23020448','23020448', 0, 'QH2023-I/CQ-I/CS2' ,'I-CS'),
(23020449,'Nguyen Van 449','2005-01-01','23020449','23020449', 0, 'QH2023-I/CQ-I/CS2' ,'I-CS'),
(23020450,'Nguyen Van 450','2005-01-01','23020450','23020450', 0, 'QH2023-I/CQ-I/CS2' ,'I-CS'),
(23020451,'Nguyen Van 451','2005-01-01','23020451','23020451', 0, 'QH2023-I/CQ-I/CS2' ,'I-CS'),
(23020452,'Nguyen Van 452','2005-01-01','23020452','23020452', 0, 'QH2023-I/CQ-I/CS2' ,'I-CS'),
(23020453,'Nguyen Van 453','2005-01-01','23020453','23020453', 0, 'QH2023-I/CQ-I/CS2' ,'I-CS'),
(23020454,'Nguyen Van 454','2005-01-01','23020454','23020454', 0, 'QH2023-I/CQ-I/CS2' ,'I-CS'),
(23020455,'Nguyen Van 455','2005-01-01','23020455','23020455', 0, 'QH2023-I/CQ-I/CS2' ,'I-CS'),
(23020456,'Nguyen Van 456','2005-01-01','23020456','23020456', 0, 'QH2023-I/CQ-I/CS2' ,'I-CS'),
(23020457,'Nguyen Van 457','2005-01-01','23020457','23020457', 0, 'QH2023-I/CQ-I/CS2' ,'I-CS'),
(23020458,'Nguyen Van 458','2005-01-01','23020458','23020458', 0, 'QH2023-I/CQ-I/CS2' ,'I-CS'),
(23020459,'Nguyen Van 459','2005-01-01','23020459','23020459', 0, 'QH2023-I/CQ-I/CS2' ,'I-CS'),
(23020460,'Nguyen Van 460','2005-01-01','23020460','23020460', 0, 'QH2023-I/CQ-I/CS2' ,'I-CS'),
(23020461,'Nguyen Van 461','2005-01-01','23020461','23020461', 0, 'QH2023-I/CQ-I/CS2' ,'I-CS'),
(23020462,'Nguyen Van 462','2005-01-01','23020462','23020462', 0, 'QH2023-I/CQ-I/CS2' ,'I-CS'),
(23020463,'Nguyen Van 463','2005-01-01','23020463','23020463', 0, 'QH2023-I/CQ-I/CS2' ,'I-CS'),
(23020464,'Nguyen Van 464','2005-01-01','23020464','23020464', 0, 'QH2023-I/CQ-I/CS2' ,'I-CS'),
(23020465,'Nguyen Van 465','2005-01-01','23020465','23020465', 0, 'QH2023-I/CQ-I/CS2' ,'I-CS'),
(23020466,'Nguyen Van 466','2005-01-01','23020466','23020466', 0, 'QH2023-I/CQ-I/CS2' ,'I-CS'),
(23020467,'Nguyen Van 467','2005-01-01','23020467','23020467', 0, 'QH2023-I/CQ-I/CS2' ,'I-CS'),
(23020468,'Nguyen Van 468','2005-01-01','23020468','23020468', 0, 'QH2023-I/CQ-I/CS2' ,'I-CS'),
(23020469,'Nguyen Van 469','2005-01-01','23020469','23020469', 0, 'QH2023-I/CQ-I/CS2' ,'I-CS'),
(23020470,'Nguyen Van 470','2005-01-01','23020470','23020470', 0, 'QH2023-I/CQ-I/CS2' ,'I-CS'),
(23020471,'Nguyen Van 471','2005-01-01','23020471','23020471', 0, 'QH2023-I/CQ-I/CS2' ,'I-CS'),
(23020472,'Nguyen Van 472','2005-01-01','23020472','23020472', 0, 'QH2023-I/CQ-I/CS2' ,'I-CS'),
(23020473,'Nguyen Van 473','2005-01-01','23020473','23020473', 0, 'QH2023-I/CQ-I/CS2' ,'I-CS'),
(23020474,'Nguyen Van 474','2005-01-01','23020474','23020474', 0, 'QH2023-I/CQ-I/CS2' ,'I-CS'),
(23020475,'Nguyen Van 475','2005-01-01','23020475','23020475', 0, 'QH2023-I/CQ-I/CS2' ,'I-CS'),
(23020476,'Nguyen Van 476','2005-01-01','23020476','23020476', 0, 'QH2023-I/CQ-I/CS2' ,'I-CS'),
(23020477,'Nguyen Van 477','2005-01-01','23020477','23020477', 0, 'QH2023-I/CQ-I/CS2' ,'I-CS'),
(23020478,'Nguyen Van 478','2005-01-01','23020478','23020478', 0, 'QH2023-I/CQ-I/CS2' ,'I-CS'),
(23020479,'Nguyen Van 479','2005-01-01','23020479','23020479', 0, 'QH2023-I/CQ-I/CS2' ,'I-CS'),
(23020480,'Nguyen Van 480','2005-01-01','23020480','23020480', 0, 'QH2023-I/CQ-I/CS2' ,'I-CS'),
(23020481,'Nguyen Van 481','2005-01-01','23020481','23020481', 0, 'QH2023-I/CQ-I/CS2' ,'I-CS'),
(23020482,'Nguyen Van 482','2005-01-01','23020482','23020482', 0, 'QH2023-I/CQ-I/CS2' ,'I-CS'),
(23020483,'Nguyen Van 483','2005-01-01','23020483','23020483', 0, 'QH2023-I/CQ-I/CS2' ,'I-CS'),
(23020484,'Nguyen Van 484','2005-01-01','23020484','23020484', 0, 'QH2023-I/CQ-I/CS2' ,'I-CS'),
(23020485,'Nguyen Van 485','2005-01-01','23020485','23020485', 0, 'QH2023-I/CQ-I/CS2' ,'I-CS'),
(23020486,'Nguyen Van 486','2005-01-01','23020486','23020486', 0, 'QH2023-I/CQ-I/CS2' ,'I-CS'),
(23020487,'Nguyen Van 487','2005-01-01','23020487','23020487', 0, 'QH2023-I/CQ-I/CS2' ,'I-CS'),
(23020488,'Nguyen Van 488','2005-01-01','23020488','23020488', 0, 'QH2023-I/CQ-I/CS2' ,'I-CS'),
(23020489,'Nguyen Van 489','2005-01-01','23020489','23020489', 0, 'QH2023-I/CQ-I/CS2' ,'I-CS'),
(23020490,'Nguyen Van 490','2005-01-01','23020490','23020490', 0, 'QH2023-I/CQ-I/CS2' ,'I-CS'),
(23020491,'Nguyen Van 491','2005-01-01','23020491','23020491', 0, 'QH2023-I/CQ-I/CS2' ,'I-CS'),
(23020492,'Nguyen Van 492','2005-01-01','23020492','23020492', 0, 'QH2023-I/CQ-I/CS2' ,'I-CS'),
(23020493,'Nguyen Van 493','2005-01-01','23020493','23020493', 0, 'QH2023-I/CQ-I/CS2' ,'I-CS'),
(23020494,'Nguyen Van 494','2005-01-01','23020494','23020494', 0, 'QH2023-I/CQ-I/CS2' ,'I-CS'),
(23020495,'Nguyen Van 495','2005-01-01','23020495','23020495', 0, 'QH2023-I/CQ-I/CS2' ,'I-CS'),
(23020496,'Nguyen Van 496','2005-01-01','23020496','23020496', 0, 'QH2023-I/CQ-I/CS2' ,'I-CS'),
(23020497,'Nguyen Van 497','2005-01-01','23020497','23020497', 0, 'QH2023-I/CQ-I/CS2' ,'I-CS'),
(23020498,'Nguyen Van 498','2005-01-01','23020498','23020498', 0, 'QH2023-I/CQ-I/CS2' ,'I-CS'),
(23020499,'Nguyen Van 499','2005-01-01','23020499','23020499', 0, 'QH2023-I/CQ-I/CS2' ,'I-CS'),
(23020500,'Nguyen Van 500','2005-01-01','23020500','23020500', 0, 'QH2023-I/CQ-I/CS2' ,'I-CS'),
(23020501,'Nguyen Van 501','2005-01-01','23020501','23020501', 0, 'QH2023-I/CQ-I/CS2' ,'I-CS'),
(23020502,'Nguyen Van 502','2005-01-01','23020502','23020502', 0, 'QH2023-I/CQ-I/CS2' ,'I-CS'),
(23020503,'Nguyen Van 503','2005-01-01','23020503','23020503', 0, 'QH2023-I/CQ-I/CS2' ,'I-CS'),
(23020504,'Nguyen Van 504','2005-01-01','23020504','23020504', 0, 'QH2023-I/CQ-I/CS2' ,'I-CS'),
(23020505,'Nguyen Van 505','2005-01-01','23020505','23020505', 0, 'QH2023-I/CQ-I/CS2' ,'I-CS'),
(23020506,'Nguyen Van 506','2005-01-01','23020506','23020506', 0, 'QH2023-I/CQ-I/CS2' ,'I-CS'),
(23020507,'Nguyen Van 507','2005-01-01','23020507','23020507', 0, 'QH2023-I/CQ-I/CS2' ,'I-CS'),
(23020508,'Nguyen Van 508','2005-01-01','23020508','23020508', 0, 'QH2023-I/CQ-I/CS2' ,'I-CS'),
(23020509,'Nguyen Van 509','2005-01-01','23020509','23020509', 0, 'QH2023-I/CQ-I/CS2' ,'I-CS'),
(23020510,'Nguyen Van 510','2005-01-01','23020510','23020510', 0, 'QH2023-I/CQ-I/CS2' ,'I-CS'),
(23020511,'Nguyen Van 511','2005-01-01','23020511','23020511', 0, 'QH2023-I/CQ-I/CS2' ,'I-CS'),
(23020512,'Nguyen Van 512','2005-01-01','23020512','23020512', 0, 'QH2023-I/CQ-I/CS2' ,'I-CS'),
(23020513,'Nguyen Van 513','2005-01-01','23020513','23020513', 0, 'QH2023-I/CQ-I/CS2' ,'I-CS'),
(23020514,'Nguyen Van 514','2005-01-01','23020514','23020514', 0, 'QH2023-I/CQ-I/CS2' ,'I-CS'),
(23020515,'Nguyen Van 515','2005-01-01','23020515','23020515', 0, 'QH2023-I/CQ-I/CS2' ,'I-CS'),
(23020516,'Nguyen Van 516','2005-01-01','23020516','23020516', 0, 'QH2023-I/CQ-I/CS2' ,'I-CS'),
(23020517,'Nguyen Van 517','2005-01-01','23020517','23020517', 0, 'QH2023-I/CQ-I/CS2' ,'I-CS'),
(23020518,'Nguyen Van 518','2005-01-01','23020518','23020518', 0, 'QH2023-I/CQ-I/CS2' ,'I-CS'),
(23020519,'Nguyen Van 519','2005-01-01','23020519','23020519', 0, 'QH2023-I/CQ-I/CS2' ,'I-CS'),
(23020520,'Nguyen Van 520','2005-01-01','23020520','23020520', 0, 'QH2023-I/CQ-I/CS2' ,'I-CS'),
(23020521,'Nguyen Van 521','2005-01-01','23020521','23020521', 0, 'QH2023-I/CQ-I/CS2' ,'I-CS'),
(23020522,'Nguyen Van 522','2005-01-01','23020522','23020522', 0, 'QH2023-I/CQ-I/CS2' ,'I-CS'),
(23020523,'Nguyen Van 523','2005-01-01','23020523','23020523', 0, 'QH2023-I/CQ-I/CS2' ,'I-CS'),
(23020524,'Nguyen Van 524','2005-01-01','23020524','23020524', 0, 'QH2023-I/CQ-I/CS2' ,'I-CS'),
(23020525,'Nguyen Van 525','2005-01-01','23020525','23020525', 0, 'QH2023-I/CQ-I/CS2' ,'I-CS'),
(23020526,'Nguyen Van 526','2005-01-01','23020526','23020526', 0, 'QH2023-I/CQ-I/CS2' ,'I-CS'),
(23020527,'Nguyen Van 527','2005-01-01','23020527','23020527', 0, 'QH2023-I/CQ-I/CS2' ,'I-CS'),
(23020528,'Nguyen Van 528','2005-01-01','23020528','23020528', 0, 'QH2023-I/CQ-I/CS2' ,'I-CS'),
(23020529,'Nguyen Van 529','2005-01-01','23020529','23020529', 0, 'QH2023-I/CQ-I/CS2' ,'I-CS'),
(23020530,'Nguyen Van 530','2005-01-01','23020530','23020530', 0, 'QH2023-I/CQ-I/CS2' ,'I-CS'),
(23020531,'Nguyen Van 531','2005-01-01','23020531','23020531', 0, 'QH2023-I/CQ-I/CS2' ,'I-CS'),
(23020532,'Nguyen Van 532','2005-01-01','23020532','23020532', 0, 'QH2023-I/CQ-I/CS2' ,'I-CS'),
(23020533,'Nguyen Van 533','2005-01-01','23020533','23020533', 0, 'QH2023-I/CQ-I/CS2' ,'I-CS'),
(23020534,'Nguyen Van 534','2005-01-01','23020534','23020534', 0, 'QH2023-I/CQ-I/CS2' ,'I-CS'),
(23020535,'Nguyen Van 535','2005-01-01','23020535','23020535', 0, 'QH2023-I/CQ-I/CS2' ,'I-CS'),
(23020536,'Nguyen Van 536','2005-01-01','23020536','23020536', 0, 'QH2023-I/CQ-I/CS2' ,'I-CS'),
(23020537,'Nguyen Van 537','2005-01-01','23020537','23020537', 0, 'QH2023-I/CQ-I/CS2' ,'I-CS'),
(23020538,'Nguyen Van 538','2005-01-01','23020538','23020538', 0, 'QH2023-I/CQ-I/CS2' ,'I-CS'),
(23020539,'Nguyen Van 539','2005-01-01','23020539','23020539', 0, 'QH2023-I/CQ-I/CS2' ,'I-CS'),
(23020540,'Nguyen Van 540','2005-01-01','23020540','23020540', 0, 'QH2023-I/CQ-I/CS2' ,'I-CS'),
(23020541,'Nguyen Van 541','2005-01-01','23020541','23020541', 0, 'QH2023-I/CQ-I/CS2' ,'I-CS'),
(23020542,'Nguyen Van 542','2005-01-01','23020542','23020542', 0, 'QH2023-I/CQ-I/CS2' ,'I-CS'),
(23020543,'Nguyen Van 543','2005-01-01','23020543','23020543', 0, 'QH2023-I/CQ-I/CS2' ,'I-CS'),
(23020544,'Nguyen Van 544','2005-01-01','23020544','23020544', 0, 'QH2023-I/CQ-I/CS2' ,'I-CS'),
(23020545,'Nguyen Van 545','2005-01-01','23020545','23020545', 0, 'QH2023-I/CQ-I/CS2' ,'I-CS'),
(23020546,'Nguyen Van 546','2005-01-01','23020546','23020546', 0, 'QH2023-I/CQ-I/CS2' ,'I-CS'),
(23020547,'Nguyen Van 547','2005-01-01','23020547','23020547', 0, 'QH2023-I/CQ-I/CS2' ,'I-CS'),
(23020548,'Nguyen Van 548','2005-01-01','23020548','23020548', 0, 'QH2023-I/CQ-I/CS2' ,'I-CS'),
(23020549,'Nguyen Van 549','2005-01-01','23020549','23020549', 0, 'QH2023-I/CQ-I/CS2' ,'I-CS'),
(23020550,'Nguyen Van 550','2005-01-01','23020550','23020550', 0, 'QH2023-I/CQ-I/CS2' ,'I-CS'),
(23020551,'Nguyen Van 551','2005-01-01','23020551','23020551', 0, 'QH2023-I/CQ-I/CS2' ,'I-CS'),
(23020552,'Nguyen Van 552','2005-01-01','23020552','23020552', 0, 'QH2023-I/CQ-I/CS2' ,'I-CS'),
(23020553,'Nguyen Van 553','2005-01-01','23020553','23020553', 0, 'QH2023-I/CQ-I/CS2' ,'I-CS'),
(23020554,'Nguyen Van 554','2005-01-01','23020554','23020554', 0, 'QH2023-I/CQ-I/CS2' ,'I-CS'),
(23020555,'Nguyen Van 555','2005-01-01','23020555','23020555', 0, 'QH2023-I/CQ-I/CS2' ,'I-CS'),
(23020556,'Nguyen Van 556','2005-01-01','23020556','23020556', 0, 'QH2023-I/CQ-I/CS2' ,'I-CS'),
(23020557,'Nguyen Van 557','2005-01-01','23020557','23020557', 0, 'QH2023-I/CQ-I/CS2' ,'I-CS'),
(23020558,'Nguyen Van 558','2005-01-01','23020558','23020558', 0, 'QH2023-I/CQ-I/CS2' ,'I-CS'),
(23020559,'Nguyen Van 559','2005-01-01','23020559','23020559', 0, 'QH2023-I/CQ-I/CS2' ,'I-CS'),
(23020560,'Nguyen Van 560','2005-01-01','23020560','23020560', 0, 'QH2023-I/CQ-I/CS2' ,'I-CS'),
(23020561,'Nguyen Van 561','2005-01-01','23020561','23020561', 0, 'QH2023-I/CQ-I/CS2' ,'I-CS'),
(23020562,'Nguyen Van 562','2005-01-01','23020562','23020562', 0, 'QH2023-I/CQ-I/CS2' ,'I-CS'),
(23020563,'Nguyen Van 563','2005-01-01','23020563','23020563', 0, 'QH2023-I/CQ-I/CS2' ,'I-CS'),
(23020564,'Nguyen Van 564','2005-01-01','23020564','23020564', 0, 'QH2023-I/CQ-I/CS2' ,'I-CS'),
(23020565,'Nguyen Van 565','2005-01-01','23020565','23020565', 0, 'QH2023-I/CQ-I/CS2' ,'I-CS'),
(23020566,'Nguyen Van 566','2005-01-01','23020566','23020566', 0, 'QH2023-I/CQ-I/CS2' ,'I-CS'),
(23020567,'Nguyen Van 567','2005-01-01','23020567','23020567', 0, 'QH2023-I/CQ-I/CS2' ,'I-CS'),
(23020568,'Nguyen Van 568','2005-01-01','23020568','23020568', 0, 'QH2023-I/CQ-I/CS2' ,'I-CS'),
(23020569,'Nguyen Van 569','2005-01-01','23020569','23020569', 0, 'QH2023-I/CQ-I/CS2' ,'I-CS'),
(23020570,'Nguyen Van 570','2005-01-01','23020570','23020570', 0, 'QH2023-I/CQ-I/CS2' ,'I-CS'),
(23020571,'Nguyen Van 571','2005-01-01','23020571','23020571', 0, 'QH2023-I/CQ-I/CS2' ,'I-CS'),
(23020572,'Nguyen Van 572','2005-01-01','23020572','23020572', 0, 'QH2023-I/CQ-I/CS2' ,'I-CS'),
(23020573,'Nguyen Van 573','2005-01-01','23020573','23020573', 0, 'QH2023-I/CQ-I/CS2' ,'I-CS'),
(23020574,'Nguyen Van 574','2005-01-01','23020574','23020574', 0, 'QH2023-I/CQ-I/CS2' ,'I-CS'),
(23020575,'Nguyen Van 575','2005-01-01','23020575','23020575', 0, 'QH2023-I/CQ-I/CS2' ,'I-CS'),
(23020576,'Nguyen Van 576','2005-01-01','23020576','23020576', 0, 'QH2023-I/CQ-I/CS2' ,'I-CS'),
(23020577,'Nguyen Van 577','2005-01-01','23020577','23020577', 0, 'QH2023-I/CQ-I/CS2' ,'I-CS'),
(23020578,'Nguyen Van 578','2005-01-01','23020578','23020578', 0, 'QH2023-I/CQ-I/CS2' ,'I-CS'),
(23020579,'Nguyen Van 579','2005-01-01','23020579','23020579', 0, 'QH2023-I/CQ-I/CS2' ,'I-CS'),
(23020580,'Nguyen Van 580','2005-01-01','23020580','23020580', 0, 'QH2023-I/CQ-I/CS2' ,'I-CS'),
(23020581,'Nguyen Van 581','2005-01-01','23020581','23020581', 0, 'QH2023-I/CQ-I/CS2' ,'I-CS'),
(23020582,'Nguyen Van 582','2005-01-01','23020582','23020582', 0, 'QH2023-I/CQ-I/CS2' ,'I-CS'),
(23020583,'Nguyen Van 583','2005-01-01','23020583','23020583', 0, 'QH2023-I/CQ-I/CS2' ,'I-CS'),
(23020584,'Nguyen Van 584','2005-01-01','23020584','23020584', 0, 'QH2023-I/CQ-I/CS2' ,'I-CS'),
(23020585,'Nguyen Van 585','2005-01-01','23020585','23020585', 0, 'QH2023-I/CQ-I/CS2' ,'I-CS'),
(23020586,'Nguyen Van 586','2005-01-01','23020586','23020586', 0, 'QH2023-I/CQ-I/CS2' ,'I-CS'),
(23020587,'Nguyen Van 587','2005-01-01','23020587','23020587', 0, 'QH2023-I/CQ-I/CS2' ,'I-CS'),
(23020588,'Nguyen Van 588','2005-01-01','23020588','23020588', 0, 'QH2023-I/CQ-I/CS2' ,'I-CS'),
(23020589,'Nguyen Van 589','2005-01-01','23020589','23020589', 0, 'QH2023-I/CQ-I/CS2' ,'I-CS'),
(23020590,'Nguyen Van 590','2005-01-01','23020590','23020590', 0, 'QH2023-I/CQ-I/CS2' ,'I-CS'),
(23020591,'Nguyen Van 591','2005-01-01','23020591','23020591', 0, 'QH2023-I/CQ-I/CS2' ,'I-CS'),
(23020592,'Nguyen Van 592','2005-01-01','23020592','23020592', 0, 'QH2023-I/CQ-I/CS2' ,'I-CS'),
(23020593,'Nguyen Van 593','2005-01-01','23020593','23020593', 0, 'QH2023-I/CQ-I/CS2' ,'I-CS'),
(23020594,'Nguyen Van 594','2005-01-01','23020594','23020594', 0, 'QH2023-I/CQ-I/CS2' ,'I-CS'),
(23020595,'Nguyen Van 595','2005-01-01','23020595','23020595', 0, 'QH2023-I/CQ-I/CS2' ,'I-CS'),
(23020596,'Nguyen Van 596','2005-01-01','23020596','23020596', 0, 'QH2023-I/CQ-I/CS2' ,'I-CS'),
(23020597,'Nguyen Van 597','2005-01-01','23020597','23020597', 0, 'QH2023-I/CQ-I/CS2' ,'I-CS'),
(23020598,'Nguyen Van 598','2005-01-01','23020598','23020598', 0, 'QH2023-I/CQ-I/CS2' ,'I-CS'),
(23020599,'Nguyen Van 599','2005-01-01','23020599','23020599', 0, 'QH2023-I/CQ-I/CS2' ,'I-CS'),
(23020600,'Nguyen Van 600','2005-01-01','23020600','23020600', 0, 'QH2023-I/CQ-I/CS2' ,'I-CS'),
(23020601,'Nguyen Van 601','2005-01-01','23020601','23020601', 0, 'QH2023-I/CQ-I/CS1' ,'I-CS'),
(23020602,'Nguyen Van 602','2005-01-01','23020602','23020602', 0, 'QH2023-I/CQ-I/CS1' ,'I-CS'),
(23020603,'Nguyen Van 603','2005-01-01','23020603','23020603', 0, 'QH2023-I/CQ-I/CS1' ,'I-CS'),
(23020604,'Nguyen Van 604','2005-01-01','23020604','23020604', 0, 'QH2023-I/CQ-I/CS1' ,'I-CS'),
(23020605,'Nguyen Van 605','2005-01-01','23020605','23020605', 0, 'QH2023-I/CQ-I/CS1' ,'I-CS'),
(23020606,'Nguyen Van 606','2005-01-01','23020606','23020606', 0, 'QH2023-I/CQ-I/CS1' ,'I-CS'),
(23020607,'Nguyen Van 607','2005-01-01','23020607','23020607', 0, 'QH2023-I/CQ-I/CS1' ,'I-CS'),
(23020608,'Nguyen Van 608','2005-01-01','23020608','23020608', 0, 'QH2023-I/CQ-I/CS1' ,'I-CS'),
(23020609,'Nguyen Van 609','2005-01-01','23020609','23020609', 0, 'QH2023-I/CQ-I/CS1' ,'I-CS'),
(23020610,'Nguyen Van 610','2005-01-01','23020610','23020610', 0, 'QH2023-I/CQ-I/CS1' ,'I-CS'),
(23020611,'Nguyen Van 611','2005-01-01','23020611','23020611', 0, 'QH2023-I/CQ-I/CS1' ,'I-CS'),
(23020612,'Nguyen Van 612','2005-01-01','23020612','23020612', 0, 'QH2023-I/CQ-I/CS1' ,'I-CS'),
(23020613,'Nguyen Van 613','2005-01-01','23020613','23020613', 0, 'QH2023-I/CQ-I/CS1' ,'I-CS'),
(23020614,'Nguyen Van 614','2005-01-01','23020614','23020614', 0, 'QH2023-I/CQ-I/CS1' ,'I-CS'),
(23020615,'Nguyen Van 615','2005-01-01','23020615','23020615', 0, 'QH2023-I/CQ-I/CS1' ,'I-CS'),
(23020616,'Nguyen Van 616','2005-01-01','23020616','23020616', 0, 'QH2023-I/CQ-I/CS1' ,'I-CS'),
(23020617,'Nguyen Van 617','2005-01-01','23020617','23020617', 0, 'QH2023-I/CQ-I/CS1' ,'I-CS'),
(23020618,'Nguyen Van 618','2005-01-01','23020618','23020618', 0, 'QH2023-I/CQ-I/CS1' ,'I-CS'),
(23020619,'Nguyen Van 619','2005-01-01','23020619','23020619', 0, 'QH2023-I/CQ-I/CS1' ,'I-CS'),
(23020620,'Nguyen Van 620','2005-01-01','23020620','23020620', 0, 'QH2023-I/CQ-I/CS1' ,'I-CS'),
(23020621,'Nguyen Van 621','2005-01-01','23020621','23020621', 0, 'QH2023-I/CQ-I/CS1' ,'I-CS'),
(23020622,'Nguyen Van 622','2005-01-01','23020622','23020622', 0, 'QH2023-I/CQ-I/CS1' ,'I-CS'),
(23020623,'Nguyen Van 623','2005-01-01','23020623','23020623', 0, 'QH2023-I/CQ-I/CS1' ,'I-CS'),
(23020624,'Nguyen Van 624','2005-01-01','23020624','23020624', 0, 'QH2023-I/CQ-I/CS1' ,'I-CS'),
(23020625,'Nguyen Van 625','2005-01-01','23020625','23020625', 0, 'QH2023-I/CQ-I/CS1' ,'I-CS'),
(23020626,'Nguyen Van 626','2005-01-01','23020626','23020626', 0, 'QH2023-I/CQ-I/CS1' ,'I-CS'),
(23020627,'Nguyen Van 627','2005-01-01','23020627','23020627', 0, 'QH2023-I/CQ-I/CS1' ,'I-CS'),
(23020628,'Nguyen Van 628','2005-01-01','23020628','23020628', 0, 'QH2023-I/CQ-I/CS1' ,'I-CS'),
(23020629,'Nguyen Van 629','2005-01-01','23020629','23020629', 0, 'QH2023-I/CQ-I/CS1' ,'I-CS'),
(23020630,'Nguyen Van 630','2005-01-01','23020630','23020630', 0, 'QH2023-I/CQ-I/CS1' ,'I-CS'),
(23020631,'Nguyen Van 631','2005-01-01','23020631','23020631', 0, 'QH2023-I/CQ-I/CS1' ,'I-CS'),
(23020632,'Nguyen Van 632','2005-01-01','23020632','23020632', 0, 'QH2023-I/CQ-I/CS1' ,'I-CS'),
(23020633,'Nguyen Van 633','2005-01-01','23020633','23020633', 0, 'QH2023-I/CQ-I/CS1' ,'I-CS'),
(23020634,'Nguyen Van 634','2005-01-01','23020634','23020634', 0, 'QH2023-I/CQ-I/CS1' ,'I-CS'),
(23020635,'Nguyen Van 635','2005-01-01','23020635','23020635', 0, 'QH2023-I/CQ-I/CS1' ,'I-CS'),
(23020636,'Nguyen Van 636','2005-01-01','23020636','23020636', 0, 'QH2023-I/CQ-I/CS1' ,'I-CS'),
(23020637,'Nguyen Van 637','2005-01-01','23020637','23020637', 0, 'QH2023-I/CQ-I/CS1' ,'I-CS'),
(23020638,'Nguyen Van 638','2005-01-01','23020638','23020638', 0, 'QH2023-I/CQ-I/CS1' ,'I-CS'),
(23020639,'Nguyen Van 639','2005-01-01','23020639','23020639', 0, 'QH2023-I/CQ-I/CS1' ,'I-CS'),
(23020640,'Nguyen Van 640','2005-01-01','23020640','23020640', 0, 'QH2023-I/CQ-I/CS1' ,'I-CS'),
(23020641,'Nguyen Van 641','2005-01-01','23020641','23020641', 0, 'QH2023-I/CQ-I/CS1' ,'I-CS'),
(23020642,'Nguyen Van 642','2005-01-01','23020642','23020642', 0, 'QH2023-I/CQ-I/CS1' ,'I-CS'),
(23020643,'Nguyen Van 643','2005-01-01','23020643','23020643', 0, 'QH2023-I/CQ-I/CS1' ,'I-CS'),
(23020644,'Nguyen Van 644','2005-01-01','23020644','23020644', 0, 'QH2023-I/CQ-I/CS1' ,'I-CS'),
(23020645,'Nguyen Van 645','2005-01-01','23020645','23020645', 0, 'QH2023-I/CQ-I/CS1' ,'I-CS'),
(23020646,'Nguyen Van 646','2005-01-01','23020646','23020646', 0, 'QH2023-I/CQ-I/CS1' ,'I-CS'),
(23020647,'Nguyen Van 647','2005-01-01','23020647','23020647', 0, 'QH2023-I/CQ-I/CS1' ,'I-CS'),
(23020648,'Nguyen Van 648','2005-01-01','23020648','23020648', 0, 'QH2023-I/CQ-I/CS1' ,'I-CS'),
(23020649,'Nguyen Van 649','2005-01-01','23020649','23020649', 0, 'QH2023-I/CQ-I/CS1' ,'I-CS'),
(23020650,'Nguyen Van 650','2005-01-01','23020650','23020650', 0, 'QH2023-I/CQ-I/CS1' ,'I-CS'),
(23020651,'Nguyen Van 651','2005-01-01','23020651','23020651', 0, 'QH2023-I/CQ-I/CS1' ,'I-CS'),
(23020652,'Nguyen Van 652','2005-01-01','23020652','23020652', 0, 'QH2023-I/CQ-I/CS1' ,'I-CS'),
(23020653,'Nguyen Van 653','2005-01-01','23020653','23020653', 0, 'QH2023-I/CQ-I/CS1' ,'I-CS'),
(23020654,'Nguyen Van 654','2005-01-01','23020654','23020654', 0, 'QH2023-I/CQ-I/CS1' ,'I-CS'),
(23020655,'Nguyen Van 655','2005-01-01','23020655','23020655', 0, 'QH2023-I/CQ-I/CS1' ,'I-CS'),
(23020656,'Nguyen Van 656','2005-01-01','23020656','23020656', 0, 'QH2023-I/CQ-I/CS1' ,'I-CS'),
(23020657,'Nguyen Van 657','2005-01-01','23020657','23020657', 0, 'QH2023-I/CQ-I/CS1' ,'I-CS'),
(23020658,'Nguyen Van 658','2005-01-01','23020658','23020658', 0, 'QH2023-I/CQ-I/CS1' ,'I-CS'),
(23020659,'Nguyen Van 659','2005-01-01','23020659','23020659', 0, 'QH2023-I/CQ-I/CS1' ,'I-CS'),
(23020660,'Nguyen Van 660','2005-01-01','23020660','23020660', 0, 'QH2023-I/CQ-I/CS1' ,'I-CS'),
(23020661,'Nguyen Van 661','2005-01-01','23020661','23020661', 0, 'QH2023-I/CQ-I/CS1' ,'I-CS'),
(23020662,'Nguyen Van 662','2005-01-01','23020662','23020662', 0, 'QH2023-I/CQ-I/CS1' ,'I-CS'),
(23020663,'Nguyen Van 663','2005-01-01','23020663','23020663', 0, 'QH2023-I/CQ-I/CS1' ,'I-CS'),
(23020664,'Nguyen Van 664','2005-01-01','23020664','23020664', 0, 'QH2023-I/CQ-I/CS1' ,'I-CS'),
(23020665,'Nguyen Van 665','2005-01-01','23020665','23020665', 0, 'QH2023-I/CQ-I/CS1' ,'I-CS'),
(23020666,'Nguyen Van 666','2005-01-01','23020666','23020666', 0, 'QH2023-I/CQ-I/CS1' ,'I-CS'),
(23020667,'Nguyen Van 667','2005-01-01','23020667','23020667', 0, 'QH2023-I/CQ-I/CS1' ,'I-CS'),
(23020668,'Nguyen Van 668','2005-01-01','23020668','23020668', 0, 'QH2023-I/CQ-I/CS1' ,'I-CS'),
(23020669,'Nguyen Van 669','2005-01-01','23020669','23020669', 0, 'QH2023-I/CQ-I/CS1' ,'I-CS'),
(23020670,'Nguyen Van 670','2005-01-01','23020670','23020670', 0, 'QH2023-I/CQ-I/CS1' ,'I-CS'),
(23020671,'Nguyen Van 671','2005-01-01','23020671','23020671', 0, 'QH2023-I/CQ-I/CS1' ,'I-CS'),
(23020672,'Nguyen Van 672','2005-01-01','23020672','23020672', 0, 'QH2023-I/CQ-I/CS1' ,'I-CS'),
(23020673,'Nguyen Van 673','2005-01-01','23020673','23020673', 0, 'QH2023-I/CQ-I/CS1' ,'I-CS'),
(23020674,'Nguyen Van 674','2005-01-01','23020674','23020674', 0, 'QH2023-I/CQ-I/CS1' ,'I-CS'),
(23020675,'Nguyen Van 675','2005-01-01','23020675','23020675', 0, 'QH2023-I/CQ-I/CS1' ,'I-CS'),
(23020676,'Nguyen Van 676','2005-01-01','23020676','23020676', 0, 'QH2023-I/CQ-I/CS1' ,'I-CS'),
(23020677,'Nguyen Van 677','2005-01-01','23020677','23020677', 0, 'QH2023-I/CQ-I/CS1' ,'I-CS'),
(23020678,'Nguyen Van 678','2005-01-01','23020678','23020678', 0, 'QH2023-I/CQ-I/CS1' ,'I-CS'),
(23020679,'Nguyen Van 679','2005-01-01','23020679','23020679', 0, 'QH2023-I/CQ-I/CS1' ,'I-CS'),
(23020680,'Nguyen Van 680','2005-01-01','23020680','23020680', 0, 'QH2023-I/CQ-I/CS1' ,'I-CS'),
(23020681,'Nguyen Van 681','2005-01-01','23020681','23020681', 0, 'QH2023-I/CQ-I/CS1' ,'I-CS'),
(23020682,'Nguyen Van 682','2005-01-01','23020682','23020682', 0, 'QH2023-I/CQ-I/CS1' ,'I-CS'),
(23020683,'Nguyen Van 683','2005-01-01','23020683','23020683', 0, 'QH2023-I/CQ-I/CS1' ,'I-CS'),
(23020684,'Nguyen Van 684','2005-01-01','23020684','23020684', 0, 'QH2023-I/CQ-I/CS1' ,'I-CS'),
(23020685,'Nguyen Van 685','2005-01-01','23020685','23020685', 0, 'QH2023-I/CQ-I/CS1' ,'I-CS'),
(23020686,'Nguyen Van 686','2005-01-01','23020686','23020686', 0, 'QH2023-I/CQ-I/CS1' ,'I-CS'),
(23020687,'Nguyen Van 687','2005-01-01','23020687','23020687', 0, 'QH2023-I/CQ-I/CS1' ,'I-CS'),
(23020688,'Nguyen Van 688','2005-01-01','23020688','23020688', 0, 'QH2023-I/CQ-I/CS1' ,'I-CS'),
(23020689,'Nguyen Van 689','2005-01-01','23020689','23020689', 0, 'QH2023-I/CQ-I/CS1' ,'I-CS'),
(23020690,'Nguyen Van 690','2005-01-01','23020690','23020690', 0, 'QH2023-I/CQ-I/CS1' ,'I-CS'),
(23020691,'Nguyen Van 691','2005-01-01','23020691','23020691', 0, 'QH2023-I/CQ-I/CS1' ,'I-CS'),
(23020692,'Nguyen Van 692','2005-01-01','23020692','23020692', 0, 'QH2023-I/CQ-I/CS1' ,'I-CS'),
(23020693,'Nguyen Van 693','2005-01-01','23020693','23020693', 0, 'QH2023-I/CQ-I/CS1' ,'I-CS'),
(23020694,'Nguyen Van 694','2005-01-01','23020694','23020694', 0, 'QH2023-I/CQ-I/CS1' ,'I-CS'),
(23020695,'Nguyen Van 695','2005-01-01','23020695','23020695', 0, 'QH2023-I/CQ-I/CS1' ,'I-CS'),
(23020696,'Nguyen Van 696','2005-01-01','23020696','23020696', 0, 'QH2023-I/CQ-I/CS1' ,'I-CS'),
(23020697,'Nguyen Van 697','2005-01-01','23020697','23020697', 0, 'QH2023-I/CQ-I/CS1' ,'I-CS'),
(23020698,'Nguyen Van 698','2005-01-01','23020698','23020698', 0, 'QH2023-I/CQ-I/CS1' ,'I-CS'),
(23020699,'Nguyen Van 699','2005-01-01','23020699','23020699', 0, 'QH2023-I/CQ-I/CS1' ,'I-CS'),
(23020700,'Nguyen Van 700','2005-01-01','23020700','23020700', 0, 'QH2023-I/CQ-I/CS1' ,'I-CS'),
(23020701,'Nguyen Van 701','2005-01-01','23020701','23020701', 0, 'QH2023-I/CQ-I/CS1' ,'I-CS'),
(23020702,'Nguyen Van 702','2005-01-01','23020702','23020702', 0, 'QH2023-I/CQ-I/CS1' ,'I-CS'),
(23020703,'Nguyen Van 703','2005-01-01','23020703','23020703', 0, 'QH2023-I/CQ-I/CS1' ,'I-CS'),
(23020704,'Nguyen Van 704','2005-01-01','23020704','23020704', 0, 'QH2023-I/CQ-I/CS1' ,'I-CS'),
(23020705,'Nguyen Van 705','2005-01-01','23020705','23020705', 0, 'QH2023-I/CQ-I/CS1' ,'I-CS'),
(23020706,'Nguyen Van 706','2005-01-01','23020706','23020706', 0, 'QH2023-I/CQ-I/CS1' ,'I-CS'),
(23020707,'Nguyen Van 707','2005-01-01','23020707','23020707', 0, 'QH2023-I/CQ-I/CS1' ,'I-CS'),
(23020708,'Nguyen Van 708','2005-01-01','23020708','23020708', 0, 'QH2023-I/CQ-I/CS1' ,'I-CS'),
(23020709,'Nguyen Van 709','2005-01-01','23020709','23020709', 0, 'QH2023-I/CQ-I/CS1' ,'I-CS'),
(23020710,'Nguyen Van 710','2005-01-01','23020710','23020710', 0, 'QH2023-I/CQ-I/CS1' ,'I-CS'),
(23020711,'Nguyen Van 711','2005-01-01','23020711','23020711', 0, 'QH2023-I/CQ-I/CS1' ,'I-CS'),
(23020712,'Nguyen Van 712','2005-01-01','23020712','23020712', 0, 'QH2023-I/CQ-I/CS1' ,'I-CS'),
(23020713,'Nguyen Van 713','2005-01-01','23020713','23020713', 0, 'QH2023-I/CQ-I/CS1' ,'I-CS'),
(23020714,'Nguyen Van 714','2005-01-01','23020714','23020714', 0, 'QH2023-I/CQ-I/CS1' ,'I-CS'),
(23020715,'Nguyen Van 715','2005-01-01','23020715','23020715', 0, 'QH2023-I/CQ-I/CS1' ,'I-CS'),
(23020716,'Nguyen Van 716','2005-01-01','23020716','23020716', 0, 'QH2023-I/CQ-I/CS1' ,'I-CS'),
(23020717,'Nguyen Van 717','2005-01-01','23020717','23020717', 0, 'QH2023-I/CQ-I/CS1' ,'I-CS'),
(23020718,'Nguyen Van 718','2005-01-01','23020718','23020718', 0, 'QH2023-I/CQ-I/CS1' ,'I-CS'),
(23020719,'Nguyen Van 719','2005-01-01','23020719','23020719', 0, 'QH2023-I/CQ-I/CS1' ,'I-CS'),
(23020720,'Nguyen Van 720','2005-01-01','23020720','23020720', 0, 'QH2023-I/CQ-I/CS1' ,'I-CS'),
(23020721,'Nguyen Van 721','2005-01-01','23020721','23020721', 0, 'QH2023-I/CQ-I/CS1' ,'I-CS'),
(23020722,'Nguyen Van 722','2005-01-01','23020722','23020722', 0, 'QH2023-I/CQ-I/CS1' ,'I-CS'),
(23020723,'Nguyen Van 723','2005-01-01','23020723','23020723', 0, 'QH2023-I/CQ-I/CS1' ,'I-CS'),
(23020724,'Nguyen Van 724','2005-01-01','23020724','23020724', 0, 'QH2023-I/CQ-I/CS1' ,'I-CS'),
(23020725,'Nguyen Van 725','2005-01-01','23020725','23020725', 0, 'QH2023-I/CQ-I/CS1' ,'I-CS'),
(23020726,'Nguyen Van 726','2005-01-01','23020726','23020726', 0, 'QH2023-I/CQ-I/CS1' ,'I-CS'),
(23020727,'Nguyen Van 727','2005-01-01','23020727','23020727', 0, 'QH2023-I/CQ-I/CS1' ,'I-CS'),
(23020728,'Nguyen Van 728','2005-01-01','23020728','23020728', 0, 'QH2023-I/CQ-I/CS1' ,'I-CS'),
(23020729,'Nguyen Van 729','2005-01-01','23020729','23020729', 0, 'QH2023-I/CQ-I/CS1' ,'I-CS'),
(23020730,'Nguyen Van 730','2005-01-01','23020730','23020730', 0, 'QH2023-I/CQ-I/CS1' ,'I-CS'),
(23020731,'Nguyen Van 731','2005-01-01','23020731','23020731', 0, 'QH2023-I/CQ-I/CS1' ,'I-CS'),
(23020732,'Nguyen Van 732','2005-01-01','23020732','23020732', 0, 'QH2023-I/CQ-I/CS1' ,'I-CS'),
(23020733,'Nguyen Van 733','2005-01-01','23020733','23020733', 0, 'QH2023-I/CQ-I/CS1' ,'I-CS'),
(23020734,'Nguyen Van 734','2005-01-01','23020734','23020734', 0, 'QH2023-I/CQ-I/CS1' ,'I-CS'),
(23020735,'Nguyen Van 735','2005-01-01','23020735','23020735', 0, 'QH2023-I/CQ-I/CS1' ,'I-CS'),
(23020736,'Nguyen Van 736','2005-01-01','23020736','23020736', 0, 'QH2023-I/CQ-I/CS1' ,'I-CS'),
(23020737,'Nguyen Van 737','2005-01-01','23020737','23020737', 0, 'QH2023-I/CQ-I/CS1' ,'I-CS'),
(23020738,'Nguyen Van 738','2005-01-01','23020738','23020738', 0, 'QH2023-I/CQ-I/CS1' ,'I-CS'),
(23020739,'Nguyen Van 739','2005-01-01','23020739','23020739', 0, 'QH2023-I/CQ-I/CS1' ,'I-CS'),
(23020740,'Nguyen Van 740','2005-01-01','23020740','23020740', 0, 'QH2023-I/CQ-I/CS1' ,'I-CS'),
(23020741,'Nguyen Van 741','2005-01-01','23020741','23020741', 0, 'QH2023-I/CQ-I/CS1' ,'I-CS'),
(23020742,'Nguyen Van 742','2005-01-01','23020742','23020742', 0, 'QH2023-I/CQ-I/CS1' ,'I-CS'),
(23020743,'Nguyen Van 743','2005-01-01','23020743','23020743', 0, 'QH2023-I/CQ-I/CS1' ,'I-CS'),
(23020744,'Nguyen Van 744','2005-01-01','23020744','23020744', 0, 'QH2023-I/CQ-I/CS1' ,'I-CS'),
(23020745,'Nguyen Van 745','2005-01-01','23020745','23020745', 0, 'QH2023-I/CQ-I/CS1' ,'I-CS'),
(23020746,'Nguyen Van 746','2005-01-01','23020746','23020746', 0, 'QH2023-I/CQ-I/CS1' ,'I-CS'),
(23020747,'Nguyen Van 747','2005-01-01','23020747','23020747', 0, 'QH2023-I/CQ-I/CS1' ,'I-CS'),
(23020748,'Nguyen Van 748','2005-01-01','23020748','23020748', 0, 'QH2023-I/CQ-I/CS1' ,'I-CS'),
(23020749,'Nguyen Van 749','2005-01-01','23020749','23020749', 0, 'QH2023-I/CQ-I/CS1' ,'I-CS'),
(23020750,'Nguyen Van 750','2005-01-01','23020750','23020750', 0, 'QH2023-I/CQ-I/CS1' ,'I-CS'),
(23020751,'Nguyen Van 751','2005-01-01','23020751','23020751', 0, 'QH2023-I/CQ-I/CS1' ,'I-CS'),
(23020752,'Nguyen Van 752','2005-01-01','23020752','23020752', 0, 'QH2023-I/CQ-I/CS1' ,'I-CS'),
(23020753,'Nguyen Van 753','2005-01-01','23020753','23020753', 0, 'QH2023-I/CQ-I/CS1' ,'I-CS'),
(23020754,'Nguyen Van 754','2005-01-01','23020754','23020754', 0, 'QH2023-I/CQ-I/CS1' ,'I-CS'),
(23020755,'Nguyen Van 755','2005-01-01','23020755','23020755', 0, 'QH2023-I/CQ-I/CS1' ,'I-CS'),
(23020756,'Nguyen Van 756','2005-01-01','23020756','23020756', 0, 'QH2023-I/CQ-I/CS1' ,'I-CS'),
(23020757,'Nguyen Van 757','2005-01-01','23020757','23020757', 0, 'QH2023-I/CQ-I/CS1' ,'I-CS'),
(23020758,'Nguyen Van 758','2005-01-01','23020758','23020758', 0, 'QH2023-I/CQ-I/CS1' ,'I-CS'),
(23020759,'Nguyen Van 759','2005-01-01','23020759','23020759', 0, 'QH2023-I/CQ-I/CS1' ,'I-CS'),
(23020760,'Nguyen Van 760','2005-01-01','23020760','23020760', 0, 'QH2023-I/CQ-I/CS1' ,'I-CS'),
(23020761,'Nguyen Van 761','2005-01-01','23020761','23020761', 0, 'QH2023-I/CQ-I/CS1' ,'I-CS'),
(23020762,'Nguyen Van 762','2005-01-01','23020762','23020762', 0, 'QH2023-I/CQ-I/CS1' ,'I-CS'),
(23020763,'Nguyen Van 763','2005-01-01','23020763','23020763', 0, 'QH2023-I/CQ-I/CS1' ,'I-CS'),
(23020764,'Nguyen Van 764','2005-01-01','23020764','23020764', 0, 'QH2023-I/CQ-I/CS1' ,'I-CS'),
(23020765,'Nguyen Van 765','2005-01-01','23020765','23020765', 0, 'QH2023-I/CQ-I/CS1' ,'I-CS'),
(23020766,'Nguyen Van 766','2005-01-01','23020766','23020766', 0, 'QH2023-I/CQ-I/CS1' ,'I-CS'),
(23020767,'Nguyen Van 767','2005-01-01','23020767','23020767', 0, 'QH2023-I/CQ-I/CS1' ,'I-CS'),
(23020768,'Nguyen Van 768','2005-01-01','23020768','23020768', 0, 'QH2023-I/CQ-I/CS1' ,'I-CS'),
(23020769,'Nguyen Van 769','2005-01-01','23020769','23020769', 0, 'QH2023-I/CQ-I/CS1' ,'I-CS'),
(23020770,'Nguyen Van 770','2005-01-01','23020770','23020770', 0, 'QH2023-I/CQ-I/CS1' ,'I-CS'),
(23020771,'Nguyen Van 771','2005-01-01','23020771','23020771', 0, 'QH2023-I/CQ-I/CS1' ,'I-CS'),
(23020772,'Nguyen Van 772','2005-01-01','23020772','23020772', 0, 'QH2023-I/CQ-I/CS1' ,'I-CS'),
(23020773,'Nguyen Van 773','2005-01-01','23020773','23020773', 0, 'QH2023-I/CQ-I/CS1' ,'I-CS'),
(23020774,'Nguyen Van 774','2005-01-01','23020774','23020774', 0, 'QH2023-I/CQ-I/CS1' ,'I-CS'),
(23020775,'Nguyen Van 775','2005-01-01','23020775','23020775', 0, 'QH2023-I/CQ-I/CS1' ,'I-CS'),
(23020776,'Nguyen Van 776','2005-01-01','23020776','23020776', 0, 'QH2023-I/CQ-I/CS1' ,'I-CS'),
(23020777,'Nguyen Van 777','2005-01-01','23020777','23020777', 0, 'QH2023-I/CQ-I/CS1' ,'I-CS'),
(23020778,'Nguyen Van 778','2005-01-01','23020778','23020778', 0, 'QH2023-I/CQ-I/CS1' ,'I-CS'),
(23020779,'Nguyen Van 779','2005-01-01','23020779','23020779', 0, 'QH2023-I/CQ-I/CS1' ,'I-CS'),
(23020780,'Nguyen Van 780','2005-01-01','23020780','23020780', 0, 'QH2023-I/CQ-I/CS1' ,'I-CS'),
(23020781,'Nguyen Van 781','2005-01-01','23020781','23020781', 0, 'QH2023-I/CQ-I/CS1' ,'I-CS'),
(23020782,'Nguyen Van 782','2005-01-01','23020782','23020782', 0, 'QH2023-I/CQ-I/CS1' ,'I-CS'),
(23020783,'Nguyen Van 783','2005-01-01','23020783','23020783', 0, 'QH2023-I/CQ-I/CS1' ,'I-CS'),
(23020784,'Nguyen Van 784','2005-01-01','23020784','23020784', 0, 'QH2023-I/CQ-I/CS1' ,'I-CS'),
(23020785,'Nguyen Van 785','2005-01-01','23020785','23020785', 0, 'QH2023-I/CQ-I/CS1' ,'I-CS'),
(23020786,'Nguyen Van 786','2005-01-01','23020786','23020786', 0, 'QH2023-I/CQ-I/CS1' ,'I-CS'),
(23020787,'Nguyen Van 787','2005-01-01','23020787','23020787', 0, 'QH2023-I/CQ-I/CS1' ,'I-CS'),
(23020788,'Nguyen Van 788','2005-01-01','23020788','23020788', 0, 'QH2023-I/CQ-I/CS1' ,'I-CS'),
(23020789,'Nguyen Van 789','2005-01-01','23020789','23020789', 0, 'QH2023-I/CQ-I/CS1' ,'I-CS'),
(23020790,'Nguyen Van 790','2005-01-01','23020790','23020790', 0, 'QH2023-I/CQ-I/CS1' ,'I-CS'),
(23020791,'Nguyen Van 791','2005-01-01','23020791','23020791', 0, 'QH2023-I/CQ-I/CS1' ,'I-CS'),
(23020792,'Nguyen Van 792','2005-01-01','23020792','23020792', 0, 'QH2023-I/CQ-I/CS1' ,'I-CS'),
(23020793,'Nguyen Van 793','2005-01-01','23020793','23020793', 0, 'QH2023-I/CQ-I/CS1' ,'I-CS'),
(23020794,'Nguyen Van 794','2005-01-01','23020794','23020794', 0, 'QH2023-I/CQ-I/CS1' ,'I-CS'),
(23020795,'Nguyen Van 795','2005-01-01','23020795','23020795', 0, 'QH2023-I/CQ-I/CS1' ,'I-CS'),
(23020796,'Nguyen Van 796','2005-01-01','23020796','23020796', 0, 'QH2023-I/CQ-I/CS1' ,'I-CS'),
(23020797,'Nguyen Van 797','2005-01-01','23020797','23020797', 0, 'QH2023-I/CQ-I/CS1' ,'I-CS'),
(23020798,'Nguyen Van 798','2005-01-01','23020798','23020798', 0, 'QH2023-I/CQ-I/CS1' ,'I-CS'),
(23020799,'Nguyen Van 799','2005-01-01','23020799','23020799', 0, 'QH2023-I/CQ-I/CS1' ,'I-CS'),
(23020800,'Nguyen Van 800','2005-01-01','23020800','23020800', 0, 'QH2023-I/CQ-I/CS1' ,'I-CS'),
(23020801,'Nguyen Van 801','2005-01-01','23020801','23020801', 0, 'QH2023-I/CQ-I/CS1' ,'I-CS'),
(23020802,'Nguyen Van 802','2005-01-01','23020802','23020802', 0, 'QH2023-I/CQ-I/CS1' ,'I-CS'),
(23020803,'Nguyen Van 803','2005-01-01','23020803','23020803', 0, 'QH2023-I/CQ-I/CS1' ,'I-CS'),
(23020804,'Nguyen Van 804','2005-01-01','23020804','23020804', 0, 'QH2023-I/CQ-I/CS1' ,'I-CS'),
(23020805,'Nguyen Van 805','2005-01-01','23020805','23020805', 0, 'QH2023-I/CQ-I/CS1' ,'I-CS'),
(23020806,'Nguyen Van 806','2005-01-01','23020806','23020806', 0, 'QH2023-I/CQ-I/CS1' ,'I-CS'),
(23020807,'Nguyen Van 807','2005-01-01','23020807','23020807', 0, 'QH2023-I/CQ-I/CS1' ,'I-CS'),
(23020808,'Nguyen Van 808','2005-01-01','23020808','23020808', 0, 'QH2023-I/CQ-I/CS1' ,'I-CS'),
(23020809,'Nguyen Van 809','2005-01-01','23020809','23020809', 0, 'QH2023-I/CQ-I/CS1' ,'I-CS'),
(23020810,'Nguyen Van 810','2005-01-01','23020810','23020810', 0, 'QH2023-I/CQ-I/CS1' ,'I-CS'),
(23020811,'Nguyen Van 811','2005-01-01','23020811','23020811', 0, 'QH2023-I/CQ-I/CS1' ,'I-CS'),
(23020812,'Nguyen Van 812','2005-01-01','23020812','23020812', 0, 'QH2023-I/CQ-I/CS1' ,'I-CS'),
(23020813,'Nguyen Van 813','2005-01-01','23020813','23020813', 0, 'QH2023-I/CQ-I/CS1' ,'I-CS'),
(23020814,'Nguyen Van 814','2005-01-01','23020814','23020814', 0, 'QH2023-I/CQ-I/CS1' ,'I-CS'),
(23020815,'Nguyen Van 815','2005-01-01','23020815','23020815', 0, 'QH2023-I/CQ-I/CS1' ,'I-CS'),
(23020816,'Nguyen Van 816','2005-01-01','23020816','23020816', 0, 'QH2023-I/CQ-I/CS1' ,'I-CS'),
(23020817,'Nguyen Van 817','2005-01-01','23020817','23020817', 0, 'QH2023-I/CQ-I/CS1' ,'I-CS'),
(23020818,'Nguyen Van 818','2005-01-01','23020818','23020818', 0, 'QH2023-I/CQ-I/CS1' ,'I-CS'),
(23020819,'Nguyen Van 819','2005-01-01','23020819','23020819', 0, 'QH2023-I/CQ-I/CS1' ,'I-CS'),
(23020820,'Nguyen Van 820','2005-01-01','23020820','23020820', 0, 'QH2023-I/CQ-I/CS1' ,'I-CS'),
(23020821,'Nguyen Van 821','2005-01-01','23020821','23020821', 0, 'QH2023-I/CQ-I/CS1' ,'I-CS'),
(23020822,'Nguyen Van 822','2005-01-01','23020822','23020822', 0, 'QH2023-I/CQ-I/CS1' ,'I-CS'),
(23020823,'Nguyen Van 823','2005-01-01','23020823','23020823', 0, 'QH2023-I/CQ-I/CS1' ,'I-CS'),
(23020824,'Nguyen Van 824','2005-01-01','23020824','23020824', 0, 'QH2023-I/CQ-I/CS1' ,'I-CS'),
(23020825,'Nguyen Van 825','2005-01-01','23020825','23020825', 0, 'QH2023-I/CQ-I/CS1' ,'I-CS'),
(23020826,'Nguyen Van 826','2005-01-01','23020826','23020826', 0, 'QH2023-I/CQ-I/CS1' ,'I-CS'),
(23020827,'Nguyen Van 827','2005-01-01','23020827','23020827', 0, 'QH2023-I/CQ-I/CS1' ,'I-CS'),
(23020828,'Nguyen Van 828','2005-01-01','23020828','23020828', 0, 'QH2023-I/CQ-I/CS1' ,'I-CS'),
(23020829,'Nguyen Van 829','2005-01-01','23020829','23020829', 0, 'QH2023-I/CQ-I/CS1' ,'I-CS'),
(23020830,'Nguyen Van 830','2005-01-01','23020830','23020830', 0, 'QH2023-I/CQ-I/CS1' ,'I-CS'),
(23020831,'Nguyen Van 831','2005-01-01','23020831','23020831', 0, 'QH2023-I/CQ-I/CS1' ,'I-CS'),
(23020832,'Nguyen Van 832','2005-01-01','23020832','23020832', 0, 'QH2023-I/CQ-I/CS1' ,'I-CS'),
(23020833,'Nguyen Van 833','2005-01-01','23020833','23020833', 0, 'QH2023-I/CQ-I/CS1' ,'I-CS'),
(23020834,'Nguyen Van 834','2005-01-01','23020834','23020834', 0, 'QH2023-I/CQ-I/CS1' ,'I-CS'),
(23020835,'Nguyen Van 835','2005-01-01','23020835','23020835', 0, 'QH2023-I/CQ-I/CS1' ,'I-CS'),
(23020836,'Nguyen Van 836','2005-01-01','23020836','23020836', 0, 'QH2023-I/CQ-I/CS1' ,'I-CS'),
(23020837,'Nguyen Van 837','2005-01-01','23020837','23020837', 0, 'QH2023-I/CQ-I/CS1' ,'I-CS'),
(23020838,'Nguyen Van 838','2005-01-01','23020838','23020838', 0, 'QH2023-I/CQ-I/CS1' ,'I-CS'),
(23020839,'Nguyen Van 839','2005-01-01','23020839','23020839', 0, 'QH2023-I/CQ-I/CS1' ,'I-CS'),
(23020840,'Nguyen Van 840','2005-01-01','23020840','23020840', 0, 'QH2023-I/CQ-I/CS1' ,'I-CS'),
(23020841,'Nguyen Van 841','2005-01-01','23020841','23020841', 0, 'QH2023-I/CQ-I/CS1' ,'I-CS'),
(23020842,'Nguyen Van 842','2005-01-01','23020842','23020842', 0, 'QH2023-I/CQ-I/CS1' ,'I-CS'),
(23020843,'Nguyen Van 843','2005-01-01','23020843','23020843', 0, 'QH2023-I/CQ-I/CS1' ,'I-CS'),
(23020844,'Nguyen Van 844','2005-01-01','23020844','23020844', 0, 'QH2023-I/CQ-I/CS1' ,'I-CS'),
(23020845,'Nguyen Van 845','2005-01-01','23020845','23020845', 0, 'QH2023-I/CQ-I/CS1' ,'I-CS'),
(23020846,'Nguyen Van 846','2005-01-01','23020846','23020846', 0, 'QH2023-I/CQ-I/CS1' ,'I-CS'),
(23020847,'Nguyen Van 847','2005-01-01','23020847','23020847', 0, 'QH2023-I/CQ-I/CS1' ,'I-CS'),
(23020848,'Nguyen Van 848','2005-01-01','23020848','23020848', 0, 'QH2023-I/CQ-I/CS1' ,'I-CS'),
(23020849,'Nguyen Van 849','2005-01-01','23020849','23020849', 0, 'QH2023-I/CQ-I/CS1' ,'I-CS'),
(23020850,'Nguyen Van 850','2005-01-01','23020850','23020850', 0, 'QH2023-I/CQ-I/CS1' ,'I-CS'),
(23020851,'Nguyen Van 851','2005-01-01','23020851','23020851', 0, 'QH2023-I/CQ-I/CS1' ,'I-CS'),
(23020852,'Nguyen Van 852','2005-01-01','23020852','23020852', 0, 'QH2023-I/CQ-I/CS1' ,'I-CS'),
(23020853,'Nguyen Van 853','2005-01-01','23020853','23020853', 0, 'QH2023-I/CQ-I/CS1' ,'I-CS'),
(23020854,'Nguyen Van 854','2005-01-01','23020854','23020854', 0, 'QH2023-I/CQ-I/CS1' ,'I-CS'),
(23020855,'Nguyen Van 855','2005-01-01','23020855','23020855', 0, 'QH2023-I/CQ-I/CS1' ,'I-CS'),
(23020856,'Nguyen Van 856','2005-01-01','23020856','23020856', 0, 'QH2023-I/CQ-I/CS1' ,'I-CS'),
(23020857,'Nguyen Van 857','2005-01-01','23020857','23020857', 0, 'QH2023-I/CQ-I/CS1' ,'I-CS'),
(23020858,'Nguyen Van 858','2005-01-01','23020858','23020858', 0, 'QH2023-I/CQ-I/CS1' ,'I-CS'),
(23020859,'Nguyen Van 859','2005-01-01','23020859','23020859', 0, 'QH2023-I/CQ-I/CS1' ,'I-CS'),
(23020860,'Nguyen Van 860','2005-01-01','23020860','23020860', 0, 'QH2023-I/CQ-I/CS1' ,'I-CS'),
(23020861,'Nguyen Van 861','2005-01-01','23020861','23020861', 0, 'QH2023-I/CQ-I/CS1' ,'I-CS'),
(23020862,'Nguyen Van 862','2005-01-01','23020862','23020862', 0, 'QH2023-I/CQ-I/CS1' ,'I-CS'),
(23020863,'Nguyen Van 863','2005-01-01','23020863','23020863', 0, 'QH2023-I/CQ-I/CS1' ,'I-CS'),
(23020864,'Nguyen Van 864','2005-01-01','23020864','23020864', 0, 'QH2023-I/CQ-I/CS1' ,'I-CS'),
(23020865,'Nguyen Van 865','2005-01-01','23020865','23020865', 0, 'QH2023-I/CQ-I/CS1' ,'I-CS'),
(23020866,'Nguyen Van 866','2005-01-01','23020866','23020866', 0, 'QH2023-I/CQ-I/CS1' ,'I-CS'),
(23020867,'Nguyen Van 867','2005-01-01','23020867','23020867', 0, 'QH2023-I/CQ-I/CS1' ,'I-CS'),
(23020868,'Nguyen Van 868','2005-01-01','23020868','23020868', 0, 'QH2023-I/CQ-I/CS1' ,'I-CS'),
(23020869,'Nguyen Van 869','2005-01-01','23020869','23020869', 0, 'QH2023-I/CQ-I/CS1' ,'I-CS'),
(23020870,'Nguyen Van 870','2005-01-01','23020870','23020870', 0, 'QH2023-I/CQ-I/CS1' ,'I-CS'),
(23020871,'Nguyen Van 871','2005-01-01','23020871','23020871', 0, 'QH2023-I/CQ-I/CS1' ,'I-CS'),
(23020872,'Nguyen Van 872','2005-01-01','23020872','23020872', 0, 'QH2023-I/CQ-I/CS1' ,'I-CS'),
(23020873,'Nguyen Van 873','2005-01-01','23020873','23020873', 0, 'QH2023-I/CQ-I/CS1' ,'I-CS'),
(23020874,'Nguyen Van 874','2005-01-01','23020874','23020874', 0, 'QH2023-I/CQ-I/CS1' ,'I-CS'),
(23020875,'Nguyen Van 875','2005-01-01','23020875','23020875', 0, 'QH2023-I/CQ-I/CS1' ,'I-CS'),
(23020876,'Nguyen Van 876','2005-01-01','23020876','23020876', 0, 'QH2023-I/CQ-I/CS1' ,'I-CS'),
(23020877,'Nguyen Van 877','2005-01-01','23020877','23020877', 0, 'QH2023-I/CQ-I/CS1' ,'I-CS'),
(23020878,'Nguyen Van 878','2005-01-01','23020878','23020878', 0, 'QH2023-I/CQ-I/CS1' ,'I-CS'),
(23020879,'Nguyen Van 879','2005-01-01','23020879','23020879', 0, 'QH2023-I/CQ-I/CS1' ,'I-CS'),
(23020880,'Nguyen Van 880','2005-01-01','23020880','23020880', 0, 'QH2023-I/CQ-I/CS1' ,'I-CS'),
(23020881,'Nguyen Van 881','2005-01-01','23020881','23020881', 0, 'QH2023-I/CQ-I/CS1' ,'I-CS'),
(23020882,'Nguyen Van 882','2005-01-01','23020882','23020882', 0, 'QH2023-I/CQ-I/CS1' ,'I-CS'),
(23020883,'Nguyen Van 883','2005-01-01','23020883','23020883', 0, 'QH2023-I/CQ-I/CS1' ,'I-CS'),
(23020884,'Nguyen Van 884','2005-01-01','23020884','23020884', 0, 'QH2023-I/CQ-I/CS1' ,'I-CS'),
(23020885,'Nguyen Van 885','2005-01-01','23020885','23020885', 0, 'QH2023-I/CQ-I/CS1' ,'I-CS'),
(23020886,'Nguyen Van 886','2005-01-01','23020886','23020886', 0, 'QH2023-I/CQ-I/CS1' ,'I-CS'),
(23020887,'Nguyen Van 887','2005-01-01','23020887','23020887', 0, 'QH2023-I/CQ-I/CS1' ,'I-CS'),
(23020888,'Nguyen Van 888','2005-01-01','23020888','23020888', 0, 'QH2023-I/CQ-I/CS1' ,'I-CS'),
(23020889,'Nguyen Van 889','2005-01-01','23020889','23020889', 0, 'QH2023-I/CQ-I/CS1' ,'I-CS'),
(23020890,'Nguyen Van 890','2005-01-01','23020890','23020890', 0, 'QH2023-I/CQ-I/CS1' ,'I-CS'),
(23020891,'Nguyen Van 891','2005-01-01','23020891','23020891', 0, 'QH2023-I/CQ-I/CS1' ,'I-CS'),
(23020892,'Nguyen Van 892','2005-01-01','23020892','23020892', 0, 'QH2023-I/CQ-I/CS1' ,'I-CS'),
(23020893,'Nguyen Van 893','2005-01-01','23020893','23020893', 0, 'QH2023-I/CQ-I/CS1' ,'I-CS'),
(23020894,'Nguyen Van 894','2005-01-01','23020894','23020894', 0, 'QH2023-I/CQ-I/CS1' ,'I-CS'),
(23020895,'Nguyen Van 895','2005-01-01','23020895','23020895', 0, 'QH2023-I/CQ-I/CS1' ,'I-CS'),
(23020896,'Nguyen Van 896','2005-01-01','23020896','23020896', 0, 'QH2023-I/CQ-I/CS1' ,'I-CS'),
(23020897,'Nguyen Van 897','2005-01-01','23020897','23020897', 0, 'QH2023-I/CQ-I/CS1' ,'I-CS'),
(23020898,'Nguyen Van 898','2005-01-01','23020898','23020898', 0, 'QH2023-I/CQ-I/CS1' ,'I-CS'),
(23020899,'Nguyen Van 899','2005-01-01','23020899','23020899', 0, 'QH2023-I/CQ-I/CS1' ,'I-CS'),
(23020900,'Nguyen Van 900','2005-01-01','23020900','23020900', 0, 'QH2023-I/CQ-I/CS1' ,'I-CS'),
(23020901,'Nguyen Van 901','2005-01-01','23020901','23020901', 0, 'QH2023-I/CQ-I/CS1' ,'I-CS'),
(23020902,'Nguyen Van 902','2005-01-01','23020902','23020902', 0, 'QH2023-I/CQ-I/CS1' ,'I-CS'),
(23020903,'Nguyen Van 903','2005-01-01','23020903','23020903', 0, 'QH2023-I/CQ-I/CS1' ,'I-CS'),
(23020904,'Nguyen Van 904','2005-01-01','23020904','23020904', 0, 'QH2023-I/CQ-I/CS1' ,'I-CS'),
(23020905,'Nguyen Van 905','2005-01-01','23020905','23020905', 0, 'QH2023-I/CQ-I/CS1' ,'I-CS'),
(23020906,'Nguyen Van 906','2005-01-01','23020906','23020906', 0, 'QH2023-I/CQ-I/CS1' ,'I-CS'),
(23020907,'Nguyen Van 907','2005-01-01','23020907','23020907', 0, 'QH2023-I/CQ-I/CS1' ,'I-CS'),
(23020908,'Nguyen Van 908','2005-01-01','23020908','23020908', 0, 'QH2023-I/CQ-I/CS1' ,'I-CS'),
(23020909,'Nguyen Van 909','2005-01-01','23020909','23020909', 0, 'QH2023-I/CQ-I/CS1' ,'I-CS'),
(23020910,'Nguyen Van 910','2005-01-01','23020910','23020910', 0, 'QH2023-I/CQ-I/CS1' ,'I-CS'),
(23020911,'Nguyen Van 911','2005-01-01','23020911','23020911', 0, 'QH2023-I/CQ-I/CS1' ,'I-CS'),
(23020912,'Nguyen Van 912','2005-01-01','23020912','23020912', 0, 'QH2023-I/CQ-I/CS1' ,'I-CS'),
(23020913,'Nguyen Van 913','2005-01-01','23020913','23020913', 0, 'QH2023-I/CQ-I/CS1' ,'I-CS'),
(23020914,'Nguyen Van 914','2005-01-01','23020914','23020914', 0, 'QH2023-I/CQ-I/CS1' ,'I-CS'),
(23020915,'Nguyen Van 915','2005-01-01','23020915','23020915', 0, 'QH2023-I/CQ-I/CS1' ,'I-CS'),
(23020916,'Nguyen Van 916','2005-01-01','23020916','23020916', 0, 'QH2023-I/CQ-I/CS1' ,'I-CS'),
(23020917,'Nguyen Van 917','2005-01-01','23020917','23020917', 0, 'QH2023-I/CQ-I/CS1' ,'I-CS'),
(23020918,'Nguyen Van 918','2005-01-01','23020918','23020918', 0, 'QH2023-I/CQ-I/CS1' ,'I-CS'),
(23020919,'Nguyen Van 919','2005-01-01','23020919','23020919', 0, 'QH2023-I/CQ-I/CS1' ,'I-CS'),
(23020920,'Nguyen Van 920','2005-01-01','23020920','23020920', 0, 'QH2023-I/CQ-I/CS1' ,'I-CS'),
(23020921,'Nguyen Van 921','2005-01-01','23020921','23020921', 0, 'QH2023-I/CQ-I/CS1' ,'I-CS'),
(23020922,'Nguyen Van 922','2005-01-01','23020922','23020922', 0, 'QH2023-I/CQ-I/CS1' ,'I-CS'),
(23020923,'Nguyen Van 923','2005-01-01','23020923','23020923', 0, 'QH2023-I/CQ-I/CS1' ,'I-CS'),
(23020924,'Nguyen Van 924','2005-01-01','23020924','23020924', 0, 'QH2023-I/CQ-I/CS1' ,'I-CS'),
(23020925,'Nguyen Van 925','2005-01-01','23020925','23020925', 0, 'QH2023-I/CQ-I/CS1' ,'I-CS'),
(23020926,'Nguyen Van 926','2005-01-01','23020926','23020926', 0, 'QH2023-I/CQ-I/CS1' ,'I-CS'),
(23020927,'Nguyen Van 927','2005-01-01','23020927','23020927', 0, 'QH2023-I/CQ-I/CS1' ,'I-CS'),
(23020928,'Nguyen Van 928','2005-01-01','23020928','23020928', 0, 'QH2023-I/CQ-I/CS1' ,'I-CS'),
(23020929,'Nguyen Van 929','2005-01-01','23020929','23020929', 0, 'QH2023-I/CQ-I/CS1' ,'I-CS'),
(23020930,'Nguyen Van 930','2005-01-01','23020930','23020930', 0, 'QH2023-I/CQ-I/CS1' ,'I-CS'),
(23020931,'Nguyen Van 931','2005-01-01','23020931','23020931', 0, 'QH2023-I/CQ-I/CS1' ,'I-CS'),
(23020932,'Nguyen Van 932','2005-01-01','23020932','23020932', 0, 'QH2023-I/CQ-I/CS1' ,'I-CS'),
(23020933,'Nguyen Van 933','2005-01-01','23020933','23020933', 0, 'QH2023-I/CQ-I/CS1' ,'I-CS'),
(23020934,'Nguyen Van 934','2005-01-01','23020934','23020934', 0, 'QH2023-I/CQ-I/CS1' ,'I-CS'),
(23020935,'Nguyen Van 935','2005-01-01','23020935','23020935', 0, 'QH2023-I/CQ-I/CS1' ,'I-CS'),
(23020936,'Nguyen Van 936','2005-01-01','23020936','23020936', 0, 'QH2023-I/CQ-I/CS1' ,'I-CS'),
(23020937,'Nguyen Van 937','2005-01-01','23020937','23020937', 0, 'QH2023-I/CQ-I/CS1' ,'I-CS'),
(23020938,'Nguyen Van 938','2005-01-01','23020938','23020938', 0, 'QH2023-I/CQ-I/CS1' ,'I-CS'),
(23020939,'Nguyen Van 939','2005-01-01','23020939','23020939', 0, 'QH2023-I/CQ-I/CS1' ,'I-CS'),
(23020940,'Nguyen Van 940','2005-01-01','23020940','23020940', 0, 'QH2023-I/CQ-I/CS1' ,'I-CS'),
(23020941,'Nguyen Van 941','2005-01-01','23020941','23020941', 0, 'QH2023-I/CQ-I/CS1' ,'I-CS'),
(23020942,'Nguyen Van 942','2005-01-01','23020942','23020942', 0, 'QH2023-I/CQ-I/CS1' ,'I-CS'),
(23020943,'Nguyen Van 943','2005-01-01','23020943','23020943', 0, 'QH2023-I/CQ-I/CS1' ,'I-CS'),
(23020944,'Nguyen Van 944','2005-01-01','23020944','23020944', 0, 'QH2023-I/CQ-I/CS1' ,'I-CS'),
(23020945,'Nguyen Van 945','2005-01-01','23020945','23020945', 0, 'QH2023-I/CQ-I/CS1' ,'I-CS'),
(23020946,'Nguyen Van 946','2005-01-01','23020946','23020946', 0, 'QH2023-I/CQ-I/CS1' ,'I-CS'),
(23020947,'Nguyen Van 947','2005-01-01','23020947','23020947', 0, 'QH2023-I/CQ-I/CS1' ,'I-CS'),
(23020948,'Nguyen Van 948','2005-01-01','23020948','23020948', 0, 'QH2023-I/CQ-I/CS1' ,'I-CS'),
(23020949,'Nguyen Van 949','2005-01-01','23020949','23020949', 0, 'QH2023-I/CQ-I/CS1' ,'I-CS'),
(23020950,'Nguyen Van 950','2005-01-01','23020950','23020950', 0, 'QH2023-I/CQ-I/CS1' ,'I-CS'),
(23020951,'Nguyen Van 951','2005-01-01','23020951','23020951', 0, 'QH2023-I/CQ-I/CS1' ,'I-CS'),
(23020952,'Nguyen Van 952','2005-01-01','23020952','23020952', 0, 'QH2023-I/CQ-I/CS1' ,'I-CS'),
(23020953,'Nguyen Van 953','2005-01-01','23020953','23020953', 0, 'QH2023-I/CQ-I/CS1' ,'I-CS'),
(23020954,'Nguyen Van 954','2005-01-01','23020954','23020954', 0, 'QH2023-I/CQ-I/CS1' ,'I-CS'),
(23020955,'Nguyen Van 955','2005-01-01','23020955','23020955', 0, 'QH2023-I/CQ-I/CS1' ,'I-CS'),
(23020956,'Nguyen Van 956','2005-01-01','23020956','23020956', 0, 'QH2023-I/CQ-I/CS1' ,'I-CS'),
(23020957,'Nguyen Van 957','2005-01-01','23020957','23020957', 0, 'QH2023-I/CQ-I/CS1' ,'I-CS'),
(23020958,'Nguyen Van 958','2005-01-01','23020958','23020958', 0, 'QH2023-I/CQ-I/CS1' ,'I-CS'),
(23020959,'Nguyen Van 959','2005-01-01','23020959','23020959', 0, 'QH2023-I/CQ-I/CS1' ,'I-CS'),
(23020960,'Nguyen Van 960','2005-01-01','23020960','23020960', 0, 'QH2023-I/CQ-I/CS1' ,'I-CS'),
(23020961,'Nguyen Van 961','2005-01-01','23020961','23020961', 0, 'QH2023-I/CQ-I/CS1' ,'I-CS'),
(23020962,'Nguyen Van 962','2005-01-01','23020962','23020962', 0, 'QH2023-I/CQ-I/CS1' ,'I-CS'),
(23020963,'Nguyen Van 963','2005-01-01','23020963','23020963', 0, 'QH2023-I/CQ-I/CS1' ,'I-CS'),
(23020964,'Nguyen Van 964','2005-01-01','23020964','23020964', 0, 'QH2023-I/CQ-I/CS1' ,'I-CS'),
(23020965,'Nguyen Van 965','2005-01-01','23020965','23020965', 0, 'QH2023-I/CQ-I/CS1' ,'I-CS'),
(23020966,'Nguyen Van 966','2005-01-01','23020966','23020966', 0, 'QH2023-I/CQ-I/CS1' ,'I-CS'),
(23020967,'Nguyen Van 967','2005-01-01','23020967','23020967', 0, 'QH2023-I/CQ-I/CS1' ,'I-CS'),
(23020968,'Nguyen Van 968','2005-01-01','23020968','23020968', 0, 'QH2023-I/CQ-I/CS1' ,'I-CS'),
(23020969,'Nguyen Van 969','2005-01-01','23020969','23020969', 0, 'QH2023-I/CQ-I/CS1' ,'I-CS'),
(23020970,'Nguyen Van 970','2005-01-01','23020970','23020970', 0, 'QH2023-I/CQ-I/CS1' ,'I-CS'),
(23020971,'Nguyen Van 971','2005-01-01','23020971','23020971', 0, 'QH2023-I/CQ-I/CS1' ,'I-CS'),
(23020972,'Nguyen Van 972','2005-01-01','23020972','23020972', 0, 'QH2023-I/CQ-I/CS1' ,'I-CS'),
(23020973,'Nguyen Van 973','2005-01-01','23020973','23020973', 0, 'QH2023-I/CQ-I/CS1' ,'I-CS'),
(23020974,'Nguyen Van 974','2005-01-01','23020974','23020974', 0, 'QH2023-I/CQ-I/CS1' ,'I-CS'),
(23020975,'Nguyen Van 975','2005-01-01','23020975','23020975', 0, 'QH2023-I/CQ-I/CS1' ,'I-CS'),
(23020976,'Nguyen Van 976','2005-01-01','23020976','23020976', 0, 'QH2023-I/CQ-I/CS1' ,'I-CS'),
(23020977,'Nguyen Van 977','2005-01-01','23020977','23020977', 0, 'QH2023-I/CQ-I/CS1' ,'I-CS'),
(23020978,'Nguyen Van 978','2005-01-01','23020978','23020978', 0, 'QH2023-I/CQ-I/CS1' ,'I-CS'),
(23020979,'Nguyen Van 979','2005-01-01','23020979','23020979', 0, 'QH2023-I/CQ-I/CS1' ,'I-CS'),
(23020980,'Nguyen Van 980','2005-01-01','23020980','23020980', 0, 'QH2023-I/CQ-I/CS1' ,'I-CS'),
(23020981,'Nguyen Van 981','2005-01-01','23020981','23020981', 0, 'QH2023-I/CQ-I/CS1' ,'I-CS'),
(23020982,'Nguyen Van 982','2005-01-01','23020982','23020982', 0, 'QH2023-I/CQ-I/CS1' ,'I-CS'),
(23020983,'Nguyen Van 983','2005-01-01','23020983','23020983', 0, 'QH2023-I/CQ-I/CS1' ,'I-CS'),
(23020984,'Nguyen Van 984','2005-01-01','23020984','23020984', 0, 'QH2023-I/CQ-I/CS1' ,'I-CS'),
(23020985,'Nguyen Van 985','2005-01-01','23020985','23020985', 0, 'QH2023-I/CQ-I/CS1' ,'I-CS'),
(23020986,'Nguyen Van 986','2005-01-01','23020986','23020986', 0, 'QH2023-I/CQ-I/CS1' ,'I-CS'),
(23020987,'Nguyen Van 987','2005-01-01','23020987','23020987', 0, 'QH2023-I/CQ-I/CS1' ,'I-CS'),
(23020988,'Nguyen Van 988','2005-01-01','23020988','23020988', 0, 'QH2023-I/CQ-I/CS1' ,'I-CS'),
(23020989,'Nguyen Van 989','2005-01-01','23020989','23020989', 0, 'QH2023-I/CQ-I/CS1' ,'I-CS'),
(23020990,'Nguyen Van 990','2005-01-01','23020990','23020990', 0, 'QH2023-I/CQ-I/CS1' ,'I-CS'),
(23020991,'Nguyen Van 991','2005-01-01','23020991','23020991', 0, 'QH2023-I/CQ-I/CS1' ,'I-CS'),
(23020992,'Nguyen Van 992','2005-01-01','23020992','23020992', 0, 'QH2023-I/CQ-I/CS1' ,'I-CS'),
(23020993,'Nguyen Van 993','2005-01-01','23020993','23020993', 0, 'QH2023-I/CQ-I/CS1' ,'I-CS'),
(23020994,'Nguyen Van 994','2005-01-01','23020994','23020994', 0, 'QH2023-I/CQ-I/CS1' ,'I-CS'),
(23020995,'Nguyen Van 995','2005-01-01','23020995','23020995', 0, 'QH2023-I/CQ-I/CS1' ,'I-CS'),
(23020996,'Nguyen Van 996','2005-01-01','23020996','23020996', 0, 'QH2023-I/CQ-I/CS1' ,'I-CS'),
(23020997,'Nguyen Van 997','2005-01-01','23020997','23020997', 0, 'QH2023-I/CQ-I/CS1' ,'I-CS'),
(23020998,'Nguyen Van 998','2005-01-01','23020998','23020998', 0, 'QH2023-I/CQ-I/CS1' ,'I-CS'),
(23020999,'Nguyen Van 999','2005-01-01','23020999','23020999', 0, 'QH2023-I/CQ-I/CS1' ,'I-CS'),
(23021000,'Nguyen Van 1000','2005-01-01','23021000','23021000', 0, 'QH2023-I/CQ-I/CS1' ,'I-CS');

insert into student_management.instructor( id, id_class, name, email)
values
(10016, 'QH2023-I/CQ-I/CS4','TS. Ngô Thị Duyên', 'duyennt@vnu.edu.vn'),
(10015, 'QH2023-I/CQ-I/CS3','TS. Lê Phê Đô', 'dolp@vnu.edu.vn'),
(10014, 'QH2023-I/CQ-I/CS2','ThS. Ngô Đình Đạt', 'dat.ngodinh@vnu.edu.vn'),
(10010, 'QH2023-I/CQ-I/CS1','PGS.TS. Nguyễn Kiên Cường', 'cuongnk@vnu.edu.vn');


Insert into student_management.courses (id_course, id_teacher, credits, title)
values
('MAT1093', 10000, 4, 'Đại số'),
('MAT1041', 10001, 4,'Giải tích 1'),
('MAT1042',10002,4, 'Giải tích 2'),
('EPN1095', 10004, 2, 'Vật lý đại cương 1'),
('EPN1096', 10004, 2, 'Vật lý đại cương 2'),
('INT1008', 10005, 3, 'Nhập môn lập trình'),
('ELT2035', 10006, 3, 'Tín hiệu hệ thống'),
('INT2210', 10007, 4, 'Cấu trúc dữ liệu và giải thuật'),
('MAT1101', 10008, 3, 'Xác suất thống kê'),
('INT2215', 10008, 4, 'Lập trình nâng cao'),
('INT2211', 10009, 4, 'Cơ sở dữ liệu'),
('INT222', 10010, 4, 'Kiến trúc máy tính'),
('INT1050', 10010, 4, 'Toán rời rạc'),
('INT2214', 10010, 4, 'Nguyên lý hệ điều hành'),
('INT2213', 10011, 4, 'Mạng máy tính'),
('INT2204', 10012, 3, 'lập trình hướng đối tượng'),
('INT2208', 10012, 3, 'Công nghệ phần mềm'),
('INT2300', 10018, 3,'Hoc phan 0'),
('INT2301', 10018, 3,'Hoc phan 1'),
('INT2302', 10018, 3,'Hoc phan 2'),
('INT2303', 10018, 3,'Hoc phan 3'),
('INT2304', 10018, 3,'Hoc phan 4'),
('INT2305', 10018, 3,'Hoc phan 5'),
('INT2306', 10018, 3,'Hoc phan 6'),
('INT2307', 10018, 3,'Hoc phan 7'),
('INT2308', 10018, 3,'Hoc phan 8'),
('INT2310', 10015, 4,'Hoc phan 10'),
('INT2311', 10015, 4,'Hoc phan 11'),
('INT2312', 10015, 4,'Hoc phan 12'),
('INT2313', 10015, 4,'Hoc phan 13'),
('INT2314', 10015, 4,'Hoc phan 14'),
('INT2315', 10015, 4,'Hoc phan 15'),
('INT2316', 10015, 4,'Hoc phan 16'),
('INT2317', 10015, 4,'Hoc phan 17'),
('INT2318', 10015, 4,'Hoc phan 18'),
('INT2319', 10015, 4,'Hoc phan 19'),
('INT2320', 10015, 4,'Hoc phan 20'),
('INT2321', 10015, 4,'Hoc phan 21'),
('INT2322', 10015, 4,'Hoc phan 22'),
('INT2323', 10015, 4,'Hoc phan 23'),
('INT2324', 10015, 4,'Hoc phan 24'),
('INT2325', 10015, 4,'Hoc phan 25'),
('INT2326', 10015, 4,'Hoc phan 26'),
('INT2327', 10015, 4,'Hoc phan 27'),
('INT2328', 10015, 4,'Hoc phan 28'),
('INT2329', 10015, 4,'Hoc phan 29'),
('INT2330', 10015, 4,'Hoc phan 30'),
('INT2331', 10015, 4,'Hoc phan 31'),
('INT2332', 10015, 4,'Hoc phan 32'),
('INT2333', 10015, 4,'Hoc phan 33'),
('INT2334', 10015, 4,'Hoc phan 34'),
('INT2335', 10015, 4,'Hoc phan 35'),
('INT2336', 10015, 4,'Hoc phan 36'),
('INT2337', 10015, 4,'Hoc phan 37'),
('INT2338', 10015, 4,'Hoc phan 38'),
('INT2339', 10015, 4,'Hoc phan 39'),
('INT2340', 10015, 4,'Hoc phan 40'),
('INT2341', 10015, 4,'Hoc phan 41'),
('INT2342', 10015, 4,'Hoc phan 42'),
('INT2343', 10015, 4,'Hoc phan 43'),
('INT2344', 10015, 4,'Hoc phan 44'),
('INT2345', 10015, 4,'Hoc phan 45'),
('INT2346', 10015, 4,'Hoc phan 46'),
('INT2347', 10015, 4,'Hoc phan 47'),
('INT2348', 10015, 4,'Hoc phan 48'),
('INT2349', 10015, 4,'Hoc phan 49'),
('INT2350', 10015, 4,'Hoc phan 50'),
('INT2351', 10015, 4,'Hoc phan 51'),
('INT2352', 10015, 4,'Hoc phan 52'),
('INT2353', 10015, 4,'Hoc phan 53'),
('INT2354', 10015, 4,'Hoc phan 54'),
('INT2355', 10015, 4,'Hoc phan 55'),
('INT2356', 10015, 4,'Hoc phan 56'),
('INT2357', 10015, 4,'Hoc phan 57'),
('INT2358', 10015, 4,'Hoc phan 58'),
('INT2359', 10015, 4,'Hoc phan 59'),
('INT2360', 10015, 4,'Hoc phan 60'),
('INT2361', 10015, 4,'Hoc phan 61'),
('INT2362', 10015, 4,'Hoc phan 62'),
('INT2363', 10015, 4,'Hoc phan 63'),
('INT2364', 10015, 4,'Hoc phan 64'),
('INT2365', 10015, 4,'Hoc phan 65'),
('INT2366', 10015, 4,'Hoc phan 66'),
('INT2367', 10015, 4,'Hoc phan 67'),
('INT2368', 10015, 4,'Hoc phan 68'),
('INT2369', 10015, 4,'Hoc phan 69'),
('INT2370', 10015, 4,'Hoc phan 70'),
('INT2371', 10015, 4,'Hoc phan 71'),
('INT2372', 10015, 4,'Hoc phan 72'),
('INT2373', 10015, 4,'Hoc phan 73'),
('INT2374', 10015, 4,'Hoc phan 74'),
('INT2375', 10015, 4,'Hoc phan 75'),
('INT2376', 10015, 4,'Hoc phan 76'),
('INT2377', 10015, 4,'Hoc phan 77'),
('INT2378', 10015, 4,'Hoc phan 78'),
('INT2379', 10015, 4,'Hoc phan 79'),
('INT2380', 10015, 4,'Hoc phan 80'),
('INT2381', 10015, 4,'Hoc phan 81'),
('INT2382', 10015, 4,'Hoc phan 82'),
('INT2383', 10015, 4,'Hoc phan 83'),
('INT2384', 10015, 4,'Hoc phan 84'),
('INT2385', 10015, 4,'Hoc phan 85'),
('INT2386', 10015, 4,'Hoc phan 86'),
('INT2387', 10015, 4,'Hoc phan 87'),
('INT2388', 10015, 4,'Hoc phan 88'),
('INT2389', 10015, 4,'Hoc phan 89'),
('INT2390', 10015, 4,'Hoc phan 90'),
('INT2391', 10015, 4,'Hoc phan 91'),
('INT2392', 10015, 4,'Hoc phan 92'),
('INT2393', 10015, 4,'Hoc phan 93'),
('INT2394', 10015, 4,'Hoc phan 94'),
('INT2395', 10015, 4,'Hoc phan 95'),
('INT2396', 10015, 4,'Hoc phan 96'),
('INT2397', 10015, 4,'Hoc phan 97'),
('INT2398', 10015, 4,'Hoc phan 98');


insert into student_management.time(id_course, day, start_time, end_time, room_number)
values
('INT2300', '2024-09-10', '07:00:00','12:00:00', '101-G2'),
('INT2301', '2024-09-10', '07:00:00','12:00:00', '101-G2'),
('INT2302', '2024-09-10', '07:00:00','12:00:00', '101-G2'),
('INT2303', '2024-09-10', '07:00:00','12:00:00', '101-G2'),
('INT2304', '2024-09-10', '07:00:00','12:00:00', '101-G2'),
('INT2305', '2024-09-10', '07:00:00','12:00:00', '101-G2'),
('INT2306', '2024-09-10', '07:00:00','12:00:00', '101-G2'),
('INT2307', '2024-09-10', '07:00:00','12:00:00', '101-G2'),
('INT2308', '2024-09-10', '07:00:00','12:00:00', '101-G2'),
('INT2310', '2024-09-10', '07:00:00','12:00:00', '101-G2'),
('INT2311', '2024-09-10', '07:00:00','12:00:00', '101-G2'),
('INT2312', '2024-09-10', '07:00:00','12:00:00', '101-G2'),
('INT2313', '2024-09-10', '07:00:00','12:00:00', '101-G2'),
('INT2314', '2024-09-10', '07:00:00','12:00:00', '101-G2'),
('INT2315', '2024-09-10', '07:00:00','12:00:00', '101-G2'),
('INT2316', '2024-09-10', '07:00:00','12:00:00', '101-G2'),
('INT2317', '2024-09-10', '07:00:00','12:00:00', '101-G2'),
('INT2318', '2024-09-10', '07:00:00','12:00:00', '101-G2'),
('INT2319', '2024-09-10', '07:00:00','12:00:00', '101-G2'),
('INT2320', '2024-09-10', '07:00:00','12:00:00', '101-G2'),
('INT2321', '2024-09-10', '07:00:00','12:00:00', '101-G2'),
('INT2322', '2024-09-10', '07:00:00','12:00:00', '101-G2'),
('INT2323', '2024-09-10', '07:00:00','12:00:00', '101-G2'),
('INT2324', '2024-09-10', '07:00:00','12:00:00', '101-G2'),
('INT2325', '2024-09-10', '07:00:00','12:00:00', '101-G2'),
('INT2326', '2024-09-10', '07:00:00','12:00:00', '101-G2'),
('INT2327', '2024-09-10', '07:00:00','12:00:00', '101-G2'),
('INT2328', '2024-09-10', '07:00:00','12:00:00', '101-G2'),
('INT2329', '2024-09-10', '07:00:00','12:00:00', '101-G2'),
('INT2330', '2024-09-10', '07:00:00','12:00:00', '101-G2'),
('INT2331', '2024-09-10', '07:00:00','12:00:00', '101-G2'),
('INT2332', '2024-09-10', '07:00:00','12:00:00', '101-G2'),
('INT2333', '2024-09-10', '07:00:00','12:00:00', '101-G2'),
('INT2334', '2024-09-10', '07:00:00','12:00:00', '101-G2'),
('INT2335', '2024-09-10', '07:00:00','12:00:00', '101-G2'),
('INT2336', '2024-09-10', '07:00:00','12:00:00', '101-G2'),
('INT2337', '2024-09-10', '07:00:00','12:00:00', '101-G2'),
('INT2338', '2024-09-10', '07:00:00','12:00:00', '101-G2'),
('INT2339', '2024-09-10', '07:00:00','12:00:00', '101-G2'),
('INT2340', '2024-09-10', '07:00:00','12:00:00', '101-G2'),
('INT2341', '2024-09-10', '07:00:00','12:00:00', '101-G2'),
('INT2342', '2024-09-10', '07:00:00','12:00:00', '101-G2'),
('INT2343', '2024-09-10', '07:00:00','12:00:00', '101-G2'),
('INT2344', '2024-09-10', '07:00:00','12:00:00', '101-G2'),
('INT2345', '2024-09-10', '07:00:00','12:00:00', '101-G2'),
('INT2346', '2024-09-10', '07:00:00','12:00:00', '101-G2'),
('INT2347', '2024-09-10', '07:00:00','12:00:00', '101-G2'),
('INT2348', '2024-09-10', '07:00:00','12:00:00', '101-G2'),
('INT2349', '2024-09-10', '07:00:00','12:00:00', '101-G2'),
('INT2350', '2024-09-10', '07:00:00','12:00:00', '101-G2'),
('INT2351', '2024-09-10', '07:00:00','12:00:00', '101-G2'),
('INT2352', '2024-09-10', '07:00:00','12:00:00', '101-G2'),
('INT2353', '2024-09-10', '07:00:00','12:00:00', '101-G2'),
('INT2354', '2024-09-10', '07:00:00','12:00:00', '101-G2'),
('INT2355', '2024-09-10', '07:00:00','12:00:00', '101-G2'),
('INT2356', '2024-09-10', '07:00:00','12:00:00', '101-G2'),
('INT2357', '2024-09-10', '07:00:00','12:00:00', '101-G2'),
('INT2358', '2024-09-10', '07:00:00','12:00:00', '101-G2'),
('INT2359', '2024-09-10', '07:00:00','12:00:00', '101-G2'),
('INT2360', '2024-09-10', '07:00:00','12:00:00', '101-G2'),
('INT2361', '2024-09-10', '07:00:00','12:00:00', '101-G2'),
('INT2362', '2024-09-10', '07:00:00','12:00:00', '101-G2'),
('INT2363', '2024-09-10', '07:00:00','12:00:00', '101-G2'),
('INT2364', '2024-09-10', '07:00:00','12:00:00', '101-G2'),
('INT2365', '2024-09-10', '07:00:00','12:00:00', '101-G2'),
('INT2366', '2024-09-10', '07:00:00','12:00:00', '101-G2'),
('INT2367', '2024-09-10', '07:00:00','12:00:00', '101-G2'),
('INT2368', '2024-09-10', '07:00:00','12:00:00', '101-G2'),
('INT2369', '2024-09-10', '07:00:00','12:00:00', '101-G2'),
('INT2370', '2024-09-10', '07:00:00','12:00:00', '101-G2'),
('INT2371', '2024-09-10', '07:00:00','12:00:00', '101-G2'),
('INT2372', '2024-09-10', '07:00:00','12:00:00', '101-G2'),
('INT2373', '2024-09-10', '07:00:00','12:00:00', '101-G2'),
('INT2374', '2024-09-10', '07:00:00','12:00:00', '101-G2'),
('INT2375', '2024-09-10', '07:00:00','12:00:00', '101-G2'),
('INT2376', '2024-09-10', '07:00:00','12:00:00', '101-G2'),
('INT2377', '2024-09-10', '07:00:00','12:00:00', '101-G2'),
('INT2378', '2024-09-10', '07:00:00','12:00:00', '101-G2'),
('INT2379', '2024-09-10', '07:00:00','12:00:00', '101-G2'),
('INT2380', '2024-09-10', '07:00:00','12:00:00', '101-G2'),
('INT2381', '2024-09-10', '07:00:00','12:00:00', '101-G2'),
('INT2382', '2024-09-10', '07:00:00','12:00:00', '101-G2'),
('INT2383', '2024-09-10', '07:00:00','12:00:00', '101-G2'),
('INT2384', '2024-09-10', '07:00:00','12:00:00', '101-G2'),
('INT2385', '2024-09-10', '07:00:00','12:00:00', '101-G2'),
('INT2386', '2024-09-10', '07:00:00','12:00:00', '101-G2'),
('INT2387', '2024-09-10', '07:00:00','12:00:00', '101-G2'),
('INT2388', '2024-09-10', '07:00:00','12:00:00', '101-G2'),
('INT2389', '2024-09-10', '07:00:00','12:00:00', '101-G2'),
('INT2390', '2024-09-10', '07:00:00','12:00:00', '101-G2'),
('INT2391', '2024-09-10', '07:00:00','12:00:00', '101-G2'),
('INT2392', '2024-09-10', '07:00:00','12:00:00', '101-G2'),
('INT2393', '2024-09-10', '07:00:00','12:00:00', '101-G2'),
('INT2394', '2024-09-10', '07:00:00','12:00:00', '101-G2'),
('INT2395', '2024-09-10', '07:00:00','12:00:00', '101-G2'),
('INT2396', '2024-09-10', '07:00:00','12:00:00', '101-G2'),
('INT2397', '2024-09-10', '07:00:00','12:00:00', '101-G2'),
('INT2398', '2024-09-10', '07:00:00','12:00:00', '101-G2');

insert into student_management.takes (id, id_course, status, year)
values
(23020000,'INT2300', 'Hoc lan dau', 2024),
(23020001,'INT2301', 'Hoc lan dau', 2024),
(23020002,'INT2302', 'Hoc lan dau', 2024),
(23020003,'INT2303', 'Hoc lan dau', 2024),
(23020004,'INT2304', 'Hoc lan dau', 2024),
(23020005,'INT2305', 'Hoc lan dau', 2024),
(23020006,'INT2306', 'Hoc lan dau', 2024),
(23020007,'INT2307', 'Hoc lan dau', 2024),
(23020008,'INT2308', 'Hoc lan dau', 2024),
(23020010,'INT2310', 'Hoc lan dau', 2024),
(23020011,'INT2311', 'Hoc lan dau', 2024),
(23020012,'INT2312', 'Hoc lan dau', 2024),
(23020013,'INT2313', 'Hoc lan dau', 2024),
(23020014,'INT2314', 'Hoc lan dau', 2024),
(23020015,'INT2315', 'Hoc lan dau', 2024),
(23020016,'INT2316', 'Hoc lan dau', 2024),
(23020017,'INT2317', 'Hoc lan dau', 2024),
(23020018,'INT2318', 'Hoc lan dau', 2024),
(23020019,'INT2319', 'Hoc lan dau', 2024),
(23020020,'INT2320', 'Hoc lan dau', 2024),
(23020021,'INT2321', 'Hoc lan dau', 2024),
(23020022,'INT2322', 'Hoc lan dau', 2024),
(23020023,'INT2323', 'Hoc lan dau', 2024),
(23020024,'INT2324', 'Hoc lan dau', 2024),
(23020025,'INT2325', 'Hoc lan dau', 2024),
(23020026,'INT2326', 'Hoc lan dau', 2024),
(23020027,'INT2327', 'Hoc lan dau', 2024),
(23020028,'INT2328', 'Hoc lan dau', 2024),
(23020029,'INT2329', 'Hoc lan dau', 2024),
(23020030,'INT2330', 'Hoc lan dau', 2024),
(23020031,'INT2331', 'Hoc lan dau', 2024),
(23020032,'INT2332', 'Hoc lan dau', 2024),
(23020033,'INT2333', 'Hoc lan dau', 2024),
(23020034,'INT2334', 'Hoc lan dau', 2024),
(23020035,'INT2335', 'Hoc lan dau', 2024),
(23020036,'INT2336', 'Hoc lan dau', 2024),
(23020037,'INT2337', 'Hoc lan dau', 2024),
(23020038,'INT2338', 'Hoc lan dau', 2024),
(23020039,'INT2339', 'Hoc lan dau', 2024),
(23020040,'INT2340', 'Hoc lan dau', 2024),
(23020041,'INT2341', 'Hoc lan dau', 2024),
(23020042,'INT2342', 'Hoc lan dau', 2024),
(23020043,'INT2343', 'Hoc lan dau', 2024),
(23020044,'INT2344', 'Hoc lan dau', 2024),
(23020045,'INT2345', 'Hoc lan dau', 2024),
(23020046,'INT2346', 'Hoc lan dau', 2024),
(23020047,'INT2347', 'Hoc lan dau', 2024),
(23020048,'INT2348', 'Hoc lan dau', 2024),
(23020049,'INT2349', 'Hoc lan dau', 2024),
(23020050,'INT2350', 'Hoc lan dau', 2024),
(23020051,'INT2351', 'Hoc lan dau', 2024),
(23020052,'INT2352', 'Hoc lan dau', 2024),
(23020053,'INT2353', 'Hoc lan dau', 2024),
(23020054,'INT2354', 'Hoc lan dau', 2024),
(23020055,'INT2355', 'Hoc lan dau', 2024),
(23020056,'INT2356', 'Hoc lan dau', 2024),
(23020057,'INT2357', 'Hoc lan dau', 2024),
(23020058,'INT2358', 'Hoc lan dau', 2024),
(23020059,'INT2359', 'Hoc lan dau', 2024),
(23020060,'INT2360', 'Hoc lan dau', 2024),
(23020061,'INT2361', 'Hoc lan dau', 2024),
(23020062,'INT2362', 'Hoc lan dau', 2024),
(23020063,'INT2363', 'Hoc lan dau', 2024),
(23020064,'INT2364', 'Hoc lan dau', 2024),
(23020065,'INT2365', 'Hoc lan dau', 2024),
(23020066,'INT2366', 'Hoc lan dau', 2024),
(23020067,'INT2367', 'Hoc lan dau', 2024),
(23020068,'INT2368', 'Hoc lan dau', 2024),
(23020069,'INT2369', 'Hoc lan dau', 2024),
(23020070,'INT2370', 'Hoc lan dau', 2024),
(23020071,'INT2371', 'Hoc lan dau', 2024),
(23020072,'INT2372', 'Hoc lan dau', 2024),
(23020073,'INT2373', 'Hoc lan dau', 2024),
(23020074,'INT2374', 'Hoc lan dau', 2024),
(23020075,'INT2375', 'Hoc lan dau', 2024),
(23020076,'INT2376', 'Hoc lan dau', 2024),
(23020077,'INT2377', 'Hoc lan dau', 2024),
(23020078,'INT2378', 'Hoc lan dau', 2024),
(23020079,'INT2379', 'Hoc lan dau', 2024),
(23020080,'INT2380', 'Hoc lan dau', 2024),
(23020081,'INT2381', 'Hoc lan dau', 2024),
(23020082,'INT2382', 'Hoc lan dau', 2024),
(23020083,'INT2383', 'Hoc lan dau', 2024),
(23020084,'INT2384', 'Hoc lan dau', 2024),
(23020085,'INT2385', 'Hoc lan dau', 2024),
(23020086,'INT2386', 'Hoc lan dau', 2024),
(23020087,'INT2387', 'Hoc lan dau', 2024),
(23020088,'INT2388', 'Hoc lan dau', 2024),
(23020089,'INT2389', 'Hoc lan dau', 2024),
(23020090,'INT2390', 'Hoc lan dau', 2024),
(23020091,'INT2391', 'Hoc lan dau', 2024),
(23020092,'INT2392', 'Hoc lan dau', 2024),
(23020093,'INT2393', 'Hoc lan dau', 2024),
(23020094,'INT2394', 'Hoc lan dau', 2024),
(23020095,'INT2395', 'Hoc lan dau', 2024),
(23020096,'INT2396', 'Hoc lan dau', 2024),
(23020097,'INT2397', 'Hoc lan dau', 2024),
(23020098,'INT2398', 'Hoc lan dau', 2024);

